R,P,region,rbm_cycles,baseline_cycles,cycle_speedup,cycle_saved,rbm_time_s,baseline_time_s,time_speedup,time_saved_s,max_abs_energy_diff
0,0,mature lower,16,84,5.25,68,1.38,14.2,10.289855072463768,12.82,1.3325451853063441e-13
0,1,mature lower,17,84,4.9411764705882355,67,1.43,14.6,10.20979020979021,13.17,1.503241975342462e-13
0,2,mature lower,17,84,4.9411764705882355,67,1.47,14.1,9.591836734693878,12.629999999999999,1.1438072711200675e-13
0,3,mature lower,18,84,4.666666666666667,66,1.52,14.399999999999999,9.473684210526315,12.879999999999999,1.0827450047656839e-13
0,4,mature lower,19,84,4.421052631578948,65,1.54,14.6,9.48051948051948,13.059999999999999,1.5190626534433704e-13
0,5,mature lower,18,84,4.666666666666667,66,1.52,14.5,9.539473684210526,12.98,1.5920598173124745e-13
0,6,mature lower,17,84,4.9411764705882355,67,1.42,14.0,9.859154929577466,12.58,2.2143398226148747e-13
0,7,mature lower,17,84,4.9411764705882355,67,1.42,14.2,10.0,12.78,1.9809154316874356e-13
0,8,mature lower,19,84,4.421052631578948,65,1.5899999999999999,13.799999999999999,8.679245283018869,12.209999999999999,1.6669998714746725e-13
0,9,mature lower,18,84,4.666666666666667,66,1.52,14.6,9.605263157894736,13.08,9.472977957614148e-14
0,10,mature lower,16,84,5.25,68,1.38,14.0,10.144927536231885,12.620000000000001,1.9337309531408664e-13
0,11,mature lower,17,84,4.9411764705882355,67,1.47,14.5,9.863945578231293,13.03,1.6506240818614515e-13
0,12,mature lower,17,84,4.9411764705882355,67,1.45,14.299999999999999,9.86206896551724,12.85,1.4679923943106132e-13
0,13,mature lower,18,84,4.666666666666667,66,1.52,15.1,9.93421052631579,13.58,1.162403506782539e-13
0,14,mature lower,18,84,4.666666666666667,66,1.49,14.899999999999999,9.999999999999998,13.409999999999998,1.9442780718748054e-13
0,15,mature lower,16,84,5.25,68,1.4,17.5,12.5,16.1,1.49741330446318e-13
0,16,mature lower,17,84,4.9411764705882355,67,1.42,14.899999999999999,10.492957746478872,13.479999999999999,1.7363888105137448e-13
0,17,mature lower,17,84,4.9411764705882355,67,1.45,15.1,10.413793103448276,13.65,1.7469359292476838e-13
0,18,mature lower,18,84,4.666666666666667,66,1.54,14.799999999999999,9.610389610389609,13.259999999999998,1.2898015988582756e-13
0,19,mature lower,18,84,4.666666666666667,66,1.47,15.0,10.204081632653061,13.53,1.9345636204093353e-13
0,20,mature lower,18,84,4.666666666666667,66,1.52,14.799999999999999,9.736842105263158,13.28,2.1380119896718952e-13
0,21,mature lower,18,84,4.666666666666667,66,1.42,15.299999999999999,10.774647887323944,13.879999999999999,2.458588888032409e-13
0,22,mature lower,18,84,4.666666666666667,66,1.49,14.399999999999999,9.66442953020134,12.909999999999998,1.0658141036401503e-13
0,23,mature lower,18,84,4.666666666666667,66,1.54,15.2,9.870129870129869,13.66,1.6286971771251046e-13
0,24,mature lower,17,84,4.9411764705882355,67,1.42,15.5,10.91549295774648,14.08,1.6595058660584527e-13
0,25,mature lower,18,84,4.666666666666667,66,1.47,15.399999999999999,10.476190476190476,13.929999999999998,1.0294542995836764e-13
0,26,mature lower,17,84,4.9411764705882355,67,1.42,15.6,10.985915492957746,14.18,2.1668777883121493e-13
0,27,mature lower,17,84,4.9411764705882355,67,1.43,15.6,10.90909090909091,14.17,1.2362333379201118e-13
0,28,mature lower,18,84,4.666666666666667,66,1.52,15.6,10.263157894736842,14.08,1.4049872376631356e-13
0,29,mature lower,18,84,4.666666666666667,66,1.5,14.799999999999999,9.866666666666665,13.299999999999999,1.0894063429134349e-13
0,30,mature lower,18,84,4.666666666666667,66,1.51,15.899999999999999,10.52980132450331,14.389999999999999,1.4224732503009818e-13
0,31,mature lower,17,84,4.9411764705882355,67,1.43,16.099999999999998,11.258741258741258,14.669999999999998,2.258748743599881e-13
0,32,mature lower,17,84,4.9411764705882355,67,1.42,15.1,10.633802816901408,13.68,1.5201728764679956e-13
0,33,mature lower,18,84,4.666666666666667,66,1.49,15.899999999999999,10.671140939597315,14.409999999999998,1.1296519275560968e-13
0,34,mature lower,18,84,4.666666666666667,66,1.49,15.399999999999999,10.335570469798657,13.909999999999998,1.8895995879120164e-13
0,35,mature lower,16,84,5.25,68,1.4,16.0,11.428571428571429,14.6,1.8582357874663558e-13
0,36,mature lower,17,84,4.9411764705882355,67,1.49,15.7,10.536912751677852,14.209999999999999,1.4674372827983007e-13
0,37,mature lower,17,84,4.9411764705882355,67,1.49,15.5,10.40268456375839,14.01,1.5074053116848063e-13
0,38,mature lower,19,84,4.421052631578948,65,1.5599999999999998,15.899999999999999,10.192307692307692,14.339999999999998,2.1294077612310502e-13
0,39,mature lower,18,84,4.666666666666667,66,1.52,16.099999999999998,10.592105263157894,14.579999999999998,1.6447954109821694e-13
0,40,mature lower,18,84,4.666666666666667,66,1.52,15.2,10.0,13.68,2.328692794151266e-13
0,41,mature lower,18,84,4.666666666666667,66,1.5899999999999999,16.099999999999998,10.125786163522012,14.509999999999998,1.8185453143360064e-13
0,42,second lower,16,84,5.25,68,1.47,16.5,11.224489795918368,15.03,1.5668022435022522e-13
0,43,first lower,102,84,0.8235294117647058,-18,9.18,15.7,1.710239651416122,6.52,1.3070100557399655e-13
0,44,center seed,119,97,0.8151260504201681,-22,10.2,17.8,1.7450980392156865,7.600000000000001,2.853273173286652e-14
0,45,first upper,102,84,0.8235294117647058,-18,9.139999999999999,15.299999999999999,1.6739606126914661,6.16,1.6087131626818518e-13
0,46,second upper,16,84,5.25,68,1.47,14.7,10.0,13.229999999999999,1.6084356069256955e-13
0,47,mature upper,18,84,4.666666666666667,66,1.5899999999999999,14.7,9.245283018867925,13.11,1.3539169785303784e-13
0,48,mature upper,18,84,4.666666666666667,66,1.52,13.799999999999999,9.078947368421051,12.28,2.1668777883121493e-13
0,49,mature upper,18,84,4.666666666666667,66,1.52,14.1,9.276315789473683,12.58,1.5179524304187453e-13
0,50,mature upper,19,84,4.421052631578948,65,1.5599999999999998,15.5,9.935897435897436,13.94,2.864375403532904e-14
0,51,mature upper,17,84,4.9411764705882355,67,1.49,14.899999999999999,9.999999999999998,13.409999999999998,2.2362667273512216e-13
0,52,mature upper,17,84,4.9411764705882355,67,1.49,14.1,9.463087248322147,12.61,1.3317125180378753e-13
0,53,mature upper,16,84,5.25,68,1.4,15.1,10.785714285714286,13.7,1.340039190722564e-13
0,54,mature upper,18,84,4.666666666666667,66,1.49,14.1,9.463087248322147,12.61,1.7319479184152442e-13
0,55,mature upper,18,84,4.666666666666667,66,1.5,15.0,10.0,13.5,1.396660564978447e-13
0,56,mature upper,17,84,4.9411764705882355,67,1.42,14.6,10.28169014084507,13.18,1.466882171285988e-13
0,57,mature upper,17,84,4.9411764705882355,67,1.42,14.399999999999999,10.140845070422534,12.979999999999999,1.6253665080512292e-13
0,58,mature upper,18,84,4.666666666666667,66,1.51,14.5,9.602649006622517,12.99,1.7494339310530904e-13
0,59,mature upper,18,84,4.666666666666667,66,1.49,14.5,9.731543624161073,13.01,1.1285417045314716e-13
0,60,mature upper,18,84,4.666666666666667,66,1.52,14.299999999999999,9.407894736842104,12.78,1.8809953594711715e-13
0,61,mature upper,17,84,4.9411764705882355,67,1.43,14.5,10.13986013986014,13.07,2.635947016216278e-13
0,62,mature upper,17,84,4.9411764705882355,67,1.42,13.799999999999999,9.71830985915493,12.379999999999999,1.9081958235744878e-13
0,63,mature upper,18,84,4.666666666666667,66,1.46,14.399999999999999,9.863013698630136,12.939999999999998,1.532107773982716e-13
0,64,mature upper,17,84,4.9411764705882355,67,1.42,14.7,10.352112676056338,13.28,2.354783035229957e-13
0,65,mature upper,18,84,4.666666666666667,66,1.54,14.0,9.09090909090909,12.46,2.103317520152359e-13
0,66,mature upper,18,84,4.666666666666667,66,1.49,15.1,10.134228187919463,13.61,1.3303247392570938e-13
0,67,mature upper,18,84,4.666666666666667,66,1.5,14.7,9.799999999999999,13.2,9.661715871800425e-14
0,68,mature upper,17,84,4.9411764705882355,67,1.47,14.399999999999999,9.795918367346937,12.929999999999998,1.3666845433135677e-13
0,69,mature upper,17,84,4.9411764705882355,67,1.43,14.299999999999999,10.0,12.87,1.9603763057318702e-13
0,70,mature upper,18,84,4.666666666666667,66,1.49,14.7,9.865771812080537,13.209999999999999,1.8032797477474105e-13
0,71,mature upper,18,84,4.666666666666667,66,1.52,14.799999999999999,9.736842105263158,13.28,1.3594680936535042e-13
0,72,mature upper,17,84,4.9411764705882355,67,1.47,14.1,9.591836734693878,12.629999999999999,2.222388939543407e-13
0,73,mature upper,17,84,4.9411764705882355,67,1.45,13.899999999999999,9.586206896551724,12.45,2.2881696537524476e-13
0,74,mature upper,18,84,4.666666666666667,66,1.47,14.399999999999999,9.795918367346937,12.929999999999998,1.9215184998699897e-13
0,75,mature upper,18,84,4.666666666666667,66,1.47,14.6,9.931972789115646,13.129999999999999,1.5459855617905305e-13
0,76,mature upper,18,84,4.666666666666667,66,1.54,14.2,9.220779220779221,12.66,1.4549472737712676e-13
0,77,mature upper,18,84,4.666666666666667,66,1.52,15.5,10.197368421052632,13.98,1.040556529829928e-13
0,78,mature upper,17,84,4.9411764705882355,67,1.42,14.899999999999999,10.492957746478872,13.479999999999999,1.6442402994698568e-13
0,79,mature upper,18,84,4.666666666666667,66,1.49,14.5,9.731543624161073,13.01,1.3339329640871256e-13
0,80,mature upper,18,84,4.666666666666667,66,1.54,15.299999999999999,9.935064935064934,13.759999999999998,1.2112533198660458e-13
0,81,mature upper,18,84,4.666666666666667,66,1.54,15.1,9.805194805194805,13.559999999999999,1.8790524691780774e-13
0,82,mature upper,17,84,4.9411764705882355,67,1.43,14.899999999999999,10.419580419580418,13.469999999999999,1.988131881347499e-13
0,83,mature upper,18,84,4.666666666666667,66,1.52,14.899999999999999,9.802631578947368,13.379999999999999,1.4488410471358293e-13
0,84,mature upper,19,84,4.421052631578948,65,1.6099999999999999,13.7,8.509316770186336,12.09,1.9462209621678994e-13
0,85,mature upper,18,84,4.666666666666667,66,1.52,14.1,9.276315789473683,12.58,1.5595857938421887e-13
0,86,mature upper,17,84,4.9411764705882355,67,1.45,14.6,10.068965517241379,13.15,1.8623991238087e-13
0,87,mature upper,18,84,4.666666666666667,66,1.49,15.5,10.40268456375839,14.01,1.457167719820518e-13
0,88,mature upper,18,84,4.666666666666667,66,1.47,14.399999999999999,9.795918367346937,12.929999999999998,2.7430835380926055e-13
1,0,mature lower,18,85,4.722222222222222,67,1.5599999999999998,16.099999999999998,10.320512820512821,14.539999999999997,1.0411116413422405e-13
1,1,mature lower,19,85,4.473684210526316,66,1.6099999999999999,16.099999999999998,10.0,14.489999999999998,1.6339707364920741e-13
1,2,mature lower,18,85,4.722222222222222,67,1.47,15.899999999999999,10.816326530612244,14.429999999999998,1.620370504440416e-13
1,3,mature lower,17,85,5.0,68,1.47,15.899999999999999,10.816326530612244,14.429999999999998,1.992017661933687e-13
1,4,mature lower,17,85,5.0,68,1.47,16.0,10.884353741496598,14.53,1.723066134218243e-13
1,5,mature lower,18,85,4.722222222222222,67,1.49,15.899999999999999,10.671140939597315,14.409999999999998,1.3941625631730403e-13
1,6,mature lower,19,85,4.473684210526316,66,1.51,16.0,10.596026490066226,14.49,1.8043899707720357e-13
1,7,mature lower,18,85,4.722222222222222,67,1.52,15.899999999999999,10.460526315789473,14.379999999999999,2.500499807212009e-13
1,8,mature lower,18,85,4.722222222222222,67,1.49,16.3,10.939597315436242,14.81,2.381705943577117e-13
1,9,mature lower,17,85,5.0,68,1.45,15.799999999999999,10.89655172413793,14.35,2.1124768601055166e-13
1,10,mature lower,17,85,5.0,68,1.42,16.099999999999998,11.338028169014084,14.679999999999998,1.7350010317329634e-13
1,11,mature lower,18,85,4.722222222222222,67,1.51,15.5,10.264900662251655,13.99,2.1671553440683056e-13
1,12,mature lower,19,85,4.473684210526316,66,1.54,16.3,10.584415584415584,14.760000000000002,1.8951507030351422e-13
1,13,mature lower,19,85,4.473684210526316,66,1.5899999999999999,16.3,10.251572327044027,14.71,1.4424572647442346e-13
1,14,mature lower,18,85,4.722222222222222,67,1.47,16.599999999999998,11.29251700680272,15.129999999999997,2.3964163986534004e-13
1,15,mature lower,17,85,5.0,68,1.47,16.7,11.360544217687075,15.229999999999999,1.826871987020695e-13
1,16,mature lower,17,85,5.0,68,1.45,16.3,11.24137931034483,14.850000000000001,1.6264767310758543e-13
1,17,mature lower,17,85,5.0,68,1.45,15.799999999999999,10.89655172413793,14.35,1.3394840792102514e-13
1,18,mature lower,18,85,4.722222222222222,67,1.51,16.0,10.596026490066226,14.49,1.0472178679776789e-13
1,19,mature lower,17,85,5.0,68,1.42,15.7,11.056338028169014,14.28,1.249000902703301e-13
1,20,mature lower,18,85,4.722222222222222,67,1.49,16.0,10.738255033557047,14.51,1.4180323582024812e-13
1,21,mature lower,19,85,4.473684210526316,66,1.5599999999999998,15.799999999999999,10.128205128205128,14.239999999999998,1.5751289161869408e-13
1,22,mature lower,18,85,4.722222222222222,67,1.51,16.099999999999998,10.662251655629138,14.589999999999998,2.2754020889692583e-13
1,23,mature lower,17,85,5.0,68,1.42,16.099999999999998,11.338028169014084,14.679999999999998,1.6700529847923917e-13
1,24,mature lower,17,85,5.0,68,1.45,15.399999999999999,10.620689655172413,13.95,1.6411871861521377e-13
1,25,mature lower,18,85,4.722222222222222,67,1.52,16.0,10.526315789473685,14.48,1.5315526624704034e-13
1,26,mature lower,18,85,4.722222222222222,67,1.51,16.5,10.927152317880795,14.99,1.7397194795876203e-13
1,27,mature lower,18,85,4.722222222222222,67,1.47,15.1,10.272108843537415,13.629999999999999,1.9700907571973403e-13
1,28,mature lower,17,85,5.0,68,1.43,15.7,10.979020979020978,14.27,1.8848811400573595e-13
1,29,mature lower,17,85,5.0,68,1.45,16.099999999999998,11.103448275862068,14.649999999999999,1.8576806759540432e-13
1,30,mature lower,17,85,5.0,68,1.45,16.3,11.24137931034483,14.850000000000001,1.5124013152956195e-13
1,31,mature lower,18,85,4.722222222222222,67,1.49,15.799999999999999,10.604026845637582,14.309999999999999,2.1024848528838902e-13
1,32,mature lower,17,85,5.0,68,1.45,15.299999999999999,10.551724137931034,13.85,1.6112111644872584e-13
1,33,mature lower,18,85,4.722222222222222,67,1.52,15.2,10.0,13.68,1.504352198367087e-13
1,34,mature lower,19,85,4.473684210526316,66,1.5899999999999999,15.5,9.748427672955975,13.91,2.26929586233382e-13
1,35,mature lower,18,85,4.722222222222222,67,1.54,16.599999999999998,10.779220779220777,15.059999999999999,1.2714829189519605e-13
1,36,mature lower,17,85,5.0,68,1.45,16.5,11.379310344827587,15.05,1.7100210136788974e-13
1,37,mature lower,17,85,5.0,68,1.49,15.399999999999999,10.335570469798657,13.909999999999998,1.7608137170554983e-13
1,38,mature lower,18,85,4.722222222222222,67,1.5499999999999998,15.899999999999999,10.258064516129032,14.349999999999998,1.615652056585759e-13
1,39,mature lower,20,85,4.25,65,1.64,16.3,9.939024390243903,14.66,1.5634715744283767e-13
1,40,mature lower,20,85,4.25,65,1.71,15.2,8.88888888888889,13.489999999999998,2.1946333639277782e-13
1,41,mature lower,17,85,5.0,68,1.49,15.299999999999999,10.268456375838925,13.809999999999999,1.6311951789305112e-13
1,42,second lower,13,85,6.538461538461538,72,1.2,16.2,13.5,15.0,1.6989187834326458e-13
1,43,first lower,105,85,0.8095238095238095,-20,9.43,14.799999999999999,1.569459172852598,5.369999999999999,8.66806626476091e-14
1,44,center seed,119,97,0.8151260504201681,-22,10.299999999999999,17.8,1.7281553398058256,7.500000000000002,4.951594689828198e-14
1,45,first upper,105,85,0.8095238095238095,-20,9.389999999999999,16.0,1.7039403620873272,6.610000000000001,4.9182879990894435e-14
1,46,second upper,13,85,6.538461538461538,72,1.2,16.099999999999998,13.416666666666666,14.899999999999999,1.3500311979441904e-13
1,47,mature upper,17,85,5.0,68,1.49,16.0,10.738255033557047,14.51,1.8074430840897548e-13
1,48,mature upper,20,85,4.25,65,1.71,16.099999999999998,9.415204678362572,14.389999999999997,2.0175527915000657e-13
1,49,mature upper,20,85,4.25,65,1.64,16.0,9.75609756097561,14.36,1.5162870958818075e-13
1,50,mature upper,18,85,4.722222222222222,67,1.54,15.799999999999999,10.259740259740258,14.259999999999998,1.5060175329040248e-13
1,51,mature upper,17,85,5.0,68,1.49,16.5,11.073825503355705,15.01,1.5007439735370554e-13
1,52,mature upper,17,85,5.0,68,1.45,16.4,11.310344827586206,14.95,2.4577562207639403e-13
1,53,mature upper,18,85,4.722222222222222,67,1.54,15.799999999999999,10.259740259740258,14.259999999999998,1.7214007996813052e-13
1,54,mature upper,19,85,4.473684210526316,66,1.5899999999999999,16.099999999999998,10.125786163522012,14.509999999999998,1.012800954214299e-13
1,55,mature upper,18,85,4.722222222222222,67,1.52,15.6,10.263157894736842,14.08,2.1813106876322763e-13
1,56,mature upper,17,85,5.0,68,1.45,16.3,11.24137931034483,14.850000000000001,1.496580637194711e-13
1,57,mature upper,18,85,4.722222222222222,67,1.49,15.799999999999999,10.604026845637582,14.309999999999999,1.5304424394457783e-13
1,58,mature upper,17,85,5.0,68,1.44,16.4,11.388888888888888,14.959999999999999,1.454392162258955e-13
1,59,mature upper,17,85,5.0,68,1.45,15.799999999999999,10.89655172413793,14.35,1.2759238110504612e-13
1,60,mature upper,17,85,5.0,68,1.43,16.099999999999998,11.258741258741258,14.669999999999998,1.0708101072509635e-13
1,61,mature upper,18,85,4.722222222222222,67,1.47,15.799999999999999,10.74829931972789,14.329999999999998,1.6989187834326458e-13
1,62,mature upper,18,85,4.722222222222222,67,1.51,16.0,10.596026490066226,14.49,2.0669577160958852e-13
1,63,mature upper,18,85,4.722222222222222,67,1.52,15.6,10.263157894736842,14.08,1.5951129306301937e-13
1,64,mature upper,17,85,5.0,68,1.45,15.7,10.827586206896552,14.25,1.6897594434794883e-13
1,65,mature upper,17,85,5.0,68,1.42,16.0,11.267605633802818,14.58,1.9884094371036554e-13
1,66,mature upper,18,85,4.722222222222222,67,1.51,16.2,10.728476821192052,14.69,2.3170354523927017e-13
1,67,mature upper,19,85,4.473684210526316,66,1.5599999999999998,15.7,10.064102564102564,14.139999999999999,1.5690226895515025e-13
1,68,mature upper,18,85,4.722222222222222,67,1.5,16.099999999999998,10.733333333333333,14.599999999999998,1.9229062786507711e-13
1,69,mature upper,17,85,5.0,68,1.42,15.799999999999999,11.126760563380282,14.379999999999999,1.0963452368173421e-13
1,70,mature upper,18,85,4.722222222222222,67,1.51,16.2,10.728476821192052,14.69,1.8213208718975693e-13
1,71,mature upper,17,85,5.0,68,1.45,15.799999999999999,10.89655172413793,14.35,1.847966224488573e-13
1,72,mature upper,18,85,4.722222222222222,67,1.49,16.4,11.006711409395972,14.909999999999998,1.856570452929418e-13
1,73,mature upper,17,85,5.0,68,1.47,15.7,10.680272108843537,14.229999999999999,1.8293699888261017e-13
1,74,mature upper,18,85,4.722222222222222,67,1.52,16.099999999999998,10.592105263157894,14.579999999999998,2.0747292772682613e-13
1,75,mature upper,19,85,4.473684210526316,66,1.54,15.799999999999999,10.259740259740258,14.259999999999998,2.090827511125326e-13
1,76,mature upper,17,85,5.0,68,1.45,16.3,11.24137931034483,14.850000000000001,1.6364687382974807e-13
1,77,mature upper,18,85,4.722222222222222,67,1.51,16.0,10.596026490066226,14.49,1.8918200339612667e-13
1,78,mature upper,17,85,5.0,68,1.48,16.3,11.013513513513514,14.82,2.02171612784241e-13
1,79,mature upper,17,85,5.0,68,1.45,15.5,10.689655172413794,14.05,2.2029600366124669e-13
1,80,mature upper,18,85,4.722222222222222,67,1.49,16.099999999999998,10.805369127516776,14.609999999999998,1.7563728249569976e-13
1,81,mature upper,18,85,4.722222222222222,67,1.54,16.099999999999998,10.454545454545453,14.559999999999999,1.8307577676068831e-13
1,82,mature upper,19,85,4.473684210526316,66,1.53,15.799999999999999,10.326797385620914,14.27,1.5468182290589993e-13
1,83,mature upper,18,85,4.722222222222222,67,1.49,16.3,10.939597315436242,14.81,1.5523693441821251e-13
1,84,mature upper,17,85,5.0,68,1.45,16.5,11.379310344827587,15.05,1.662558979376172e-13
1,85,mature upper,17,85,5.0,68,1.49,16.3,10.939597315436242,14.81,2.400857290751901e-13
1,86,mature upper,16,85,5.3125,69,1.4,16.2,11.571428571428571,14.799999999999999,1.9245716131877089e-13
1,87,mature upper,18,85,4.722222222222222,67,1.54,16.0,10.38961038961039,14.46,1.3117285035946225e-13
1,88,mature upper,18,85,4.722222222222222,67,1.5699999999999998,15.0,9.554140127388536,13.43,1.1285417045314716e-13
2,0,mature lower,17,85,5.0,68,1.47,16.099999999999998,10.95238095238095,14.629999999999997,2.0208834605739412e-13
2,1,mature lower,17,85,5.0,68,1.47,16.3,11.088435374149661,14.83,1.7824630660356888e-13
2,2,mature lower,17,85,5.0,68,1.49,15.2,10.201342281879194,13.709999999999999,1.9020895969390494e-13
2,3,mature lower,18,85,4.722222222222222,67,1.5,16.3,10.866666666666667,14.8,1.4113710200547303e-13
2,4,mature lower,16,85,5.3125,69,1.4,15.799999999999999,11.285714285714286,14.399999999999999,1.5490386751082497e-13
2,5,mature lower,18,85,4.722222222222222,67,1.54,15.2,9.870129870129869,13.66,1.7641443861293737e-13
2,6,mature lower,18,85,4.722222222222222,67,1.52,16.099999999999998,10.592105263157894,14.579999999999998,2.0275447987216921e-13
2,7,mature lower,17,85,5.0,68,1.45,15.2,10.482758620689655,13.75,1.3733458814613186e-13
2,8,mature lower,17,85,5.0,68,1.45,16.2,11.172413793103448,14.75,1.9662049766111522e-13
2,9,mature lower,18,85,4.722222222222222,67,1.49,15.6,10.46979865771812,14.11,1.2234657731369225e-13
2,10,mature lower,17,85,5.0,68,1.45,16.9,11.655172413793103,15.45,1.0247358517290195e-13
2,11,mature lower,19,85,4.473684210526316,66,1.5699999999999998,16.3,10.382165605095542,14.73,1.2242984404053914e-13
2,12,mature lower,19,85,4.473684210526316,66,1.5899999999999999,15.399999999999999,9.685534591194969,13.809999999999999,1.1438072711200675e-13
2,13,mature lower,18,85,4.722222222222222,67,1.51,16.099999999999998,10.662251655629138,14.589999999999998,2.4447111002245947e-13
2,14,mature lower,16,85,5.3125,69,1.38,16.9,12.246376811594203,15.52,1.872946242542639e-13
2,15,mature lower,17,85,5.0,68,1.45,17.2,11.862068965517242,15.75,1.6797674362578618e-13
2,16,mature lower,18,85,4.722222222222222,67,1.54,16.7,10.844155844155843,15.16,1.6733836538662672e-13
2,17,mature lower,19,85,4.473684210526316,66,1.5699999999999998,16.099999999999998,10.254777070063694,14.529999999999998,1.3031242751537775e-13
2,18,mature lower,17,85,5.0,68,1.42,15.399999999999999,10.84507042253521,13.979999999999999,1.68365321684405e-13
2,19,mature lower,16,85,5.3125,69,1.4,16.2,11.571428571428571,14.799999999999999,1.8840484727888906e-13
2,20,mature lower,17,85,5.0,68,1.45,15.6,10.758620689655173,14.15,1.8146595337498184e-13
2,21,mature lower,17,85,5.0,68,1.47,16.0,10.884353741496598,14.53,1.8554602299047929e-13
2,22,mature lower,17,85,5.0,68,1.47,15.7,10.680272108843537,14.229999999999999,1.3461454173580023e-13
2,23,mature lower,18,85,4.722222222222222,67,1.53,15.899999999999999,10.392156862745097,14.37,1.509070646221744e-13
2,24,mature lower,17,85,5.0,68,1.47,16.099999999999998,10.95238095238095,14.629999999999997,2.3639423751831146e-13
2,25,mature lower,17,85,5.0,68,1.42,16.2,11.408450704225352,14.78,1.7361112547575885e-13
2,26,mature lower,18,85,4.722222222222222,67,1.52,15.799999999999999,10.394736842105262,14.28,1.9301227283108346e-13
2,27,mature lower,17,85,5.0,68,1.47,16.3,11.088435374149661,14.83,2.2418178424743473e-13
2,28,mature lower,17,85,5.0,68,1.45,15.799999999999999,10.89655172413793,14.35,1.5190626534433704e-13
2,29,mature lower,17,85,5.0,68,1.45,15.5,10.689655172413794,14.05,1.6919798895287386e-13
2,30,mature lower,18,85,4.722222222222222,67,1.52,17.0,11.18421052631579,15.48,1.3417045252595017e-13
2,31,mature lower,18,85,4.722222222222222,67,1.49,16.5,11.073825503355705,15.01,1.3461454173580023e-13
2,32,mature lower,17,85,5.0,68,1.43,16.8,11.74825174825175,15.370000000000001,2.485234240623413e-13
2,33,mature lower,18,85,4.722222222222222,67,1.52,16.0,10.526315789473685,14.48,1.927624726505428e-13
2,34,mature lower,19,85,4.473684210526316,66,1.5899999999999999,15.799999999999999,9.937106918238994,14.209999999999999,1.1707301794672276e-13
2,35,mature lower,19,85,4.473684210526316,66,1.6099999999999999,16.8,10.434782608695654,15.190000000000001,1.5482060078397808e-13
2,36,mature lower,16,85,5.3125,69,1.38,16.3,11.811594202898553,14.920000000000002,2.390310172017962e-13
2,37,mature lower,17,85,5.0,68,1.4,15.899999999999999,11.357142857142858,14.499999999999998,2.1199708655217364e-13
2,38,mature lower,18,85,4.722222222222222,67,1.6099999999999999,15.6,9.689440993788821,13.99,1.5581980150614072e-13
2,39,mature lower,20,85,4.25,65,1.6099999999999999,16.5,10.248447204968945,14.89,2.0775048348298242e-13
2,40,mature lower,20,85,4.25,65,1.66,15.799999999999999,9.518072289156626,14.139999999999999,2.1530000005043348e-13
2,41,mature lower,18,85,4.722222222222222,67,1.49,17.0,11.409395973154362,15.51,1.6533996394230144e-13
2,42,second lower,12,85,7.083333333333333,73,1.22,15.799999999999999,12.950819672131146,14.579999999999998,1.010858063921205e-13
2,43,first lower,104,85,0.8173076923076923,-19,9.379999999999999,16.5,1.7590618336886996,7.120000000000001,3.93574062229618e-14
2,44,center seed,119,97,0.8151260504201681,-22,10.299999999999999,18.599999999999998,1.8058252427184467,8.299999999999999,1.0547118733938987e-14
2,45,first upper,104,85,0.8173076923076923,-19,9.35,15.899999999999999,1.7005347593582887,6.549999999999999,1.0336176359260207e-13
2,46,second upper,12,85,7.083333333333333,73,1.22,15.7,12.868852459016393,14.479999999999999,2.0286550217463173e-13
2,47,mature upper,18,85,4.722222222222222,67,1.48,14.799999999999999,10.0,13.319999999999999,1.5770718064800349e-13
2,48,mature upper,20,85,4.25,65,1.66,15.799999999999999,9.518072289156626,14.139999999999999,2.546851618490109e-13
2,49,mature upper,20,85,4.25,65,1.6099999999999999,15.0,9.316770186335404,13.39,2.1738166822160565e-13
2,50,mature upper,18,85,4.722222222222222,67,1.6099999999999999,16.099999999999998,10.0,14.489999999999998,1.1488032747308807e-13
2,51,mature upper,17,85,5.0,68,1.4,15.299999999999999,10.928571428571429,13.899999999999999,2.539912724586202e-13
2,52,mature upper,16,85,5.3125,69,1.38,16.5,11.956521739130435,15.120000000000001,2.441380431150719e-13
2,53,mature upper,19,85,4.473684210526316,66,1.6099999999999999,15.0,9.316770186335404,13.39,1.580124919797754e-13
2,54,mature upper,19,85,4.473684210526316,66,1.5899999999999999,15.7,9.874213836477988,14.11,1.1929346399597307e-13
2,55,mature upper,18,85,4.722222222222222,67,1.52,15.7,10.328947368421051,14.18,1.7283396935852124e-13
2,56,mature upper,17,85,5.0,68,1.43,15.5,10.83916083916084,14.07,1.3355982986240633e-13
2,57,mature upper,18,85,4.722222222222222,67,1.49,16.0,10.738255033557047,14.51,1.651179193373764e-13
2,58,mature upper,18,85,4.722222222222222,67,1.52,15.799999999999999,10.394736842105262,14.28,1.6872614416740817e-13
2,59,mature upper,17,85,5.0,68,1.45,15.2,10.482758620689655,13.75,1.9767520953450912e-13
2,60,mature upper,17,85,5.0,68,1.45,15.899999999999999,10.96551724137931,14.45,1.3594680936535042e-13
2,61,mature upper,17,85,5.0,68,1.49,16.4,11.006711409395972,14.909999999999998,1.7580381594939354e-13
2,62,mature upper,18,85,4.722222222222222,67,1.52,14.7,9.671052631578947,13.18,2.120525977034049e-13
2,63,mature upper,17,85,5.0,68,1.45,16.8,11.586206896551724,15.350000000000001,2.1285750939625814e-13
2,64,mature upper,17,85,5.0,68,1.44,15.6,10.833333333333334,14.16,2.165767565287524e-13
2,65,mature upper,18,85,4.722222222222222,67,1.53,15.399999999999999,10.065359477124183,13.87,1.4852008511923032e-13
2,66,mature upper,17,85,5.0,68,1.47,15.799999999999999,10.74829931972789,14.329999999999998,2.3822610550894296e-13
2,67,mature upper,17,85,5.0,68,1.45,16.2,11.172413793103448,14.75,2.38448150113868e-13
2,68,mature upper,17,85,5.0,68,1.47,15.399999999999999,10.476190476190476,13.929999999999998,2.2601365223806624e-13
2,69,mature upper,16,85,5.3125,69,1.43,16.8,11.74825174825175,15.370000000000001,2.174371793728369e-13
2,70,mature upper,17,85,5.0,68,1.43,15.5,10.83916083916084,14.07,2.512434704726729e-13
2,71,mature upper,19,85,4.473684210526316,66,1.53,15.2,9.934640522875817,13.67,1.8951507030351422e-13
2,72,mature upper,18,85,4.722222222222222,67,1.52,16.3,10.723684210526317,14.780000000000001,1.2573275753879898e-13
2,73,mature upper,18,85,4.722222222222222,67,1.52,15.5,10.197368421052632,13.98,2.0913826226376386e-13
2,74,mature upper,17,85,5.0,68,1.42,15.2,10.704225352112676,13.78,1.3128387266192476e-13
2,75,mature upper,17,85,5.0,68,1.4,16.4,11.714285714285714,14.999999999999998,1.3647416530204737e-13
2,76,mature upper,17,85,5.0,68,1.47,15.299999999999999,10.408163265306122,13.829999999999998,1.9675927553919337e-13
2,77,mature upper,19,85,4.473684210526316,66,1.5599999999999998,15.799999999999999,10.128205128205128,14.239999999999998,2.379763053284023e-13
2,78,mature upper,18,85,4.722222222222222,67,1.47,16.2,11.020408163265305,14.729999999999999,1.8726686867864828e-13
2,79,mature upper,18,85,4.722222222222222,67,1.49,15.899999999999999,10.671140939597315,14.409999999999998,1.580957587066223e-13
2,80,mature upper,18,85,4.722222222222222,67,1.54,16.2,10.519480519480519,14.66,1.0785816684233396e-13
2,81,mature upper,17,85,5.0,68,1.45,16.099999999999998,11.103448275862068,14.649999999999999,1.9523271888033378e-13
2,82,mature upper,18,85,4.722222222222222,67,1.5,14.899999999999999,9.933333333333332,13.399999999999999,1.919020498064583e-13
2,83,mature upper,17,85,5.0,68,1.47,16.2,11.020408163265305,14.729999999999999,2.833566714599556e-13
2,84,mature upper,18,85,4.722222222222222,67,1.52,15.299999999999999,10.065789473684209,13.78,1.8060553053089734e-13
2,85,mature upper,19,85,4.473684210526316,66,1.51,15.2,10.066225165562914,13.69,2.3483992528383624e-13
2,86,mature upper,18,85,4.722222222222222,67,1.54,16.099999999999998,10.454545454545453,14.559999999999999,1.2831402607105247e-13
2,87,mature upper,18,85,4.722222222222222,67,1.52,16.4,10.789473684210526,14.879999999999999,1.398603455271541e-13
2,88,mature upper,17,85,5.0,68,1.45,14.799999999999999,10.206896551724137,13.35,1.6447954109821694e-13
3,0,mature lower,18,85,4.722222222222222,67,1.53,15.6,10.196078431372548,14.07,1.0111356196773613e-13
3,1,mature lower,19,85,4.473684210526316,66,1.54,16.5,10.714285714285714,14.96,1.7946755193065655e-13
3,2,mature lower,18,85,4.722222222222222,67,1.52,16.5,10.855263157894736,14.98,1.199873533863638e-13
3,3,mature lower,19,85,4.473684210526316,66,1.5499999999999998,15.5,10.000000000000002,13.95,1.894873147278986e-13
3,4,mature lower,17,85,5.0,68,1.47,16.7,11.360544217687075,15.229999999999999,1.1592116155867416e-13
3,5,mature lower,18,85,4.722222222222222,67,1.47,16.099999999999998,10.95238095238095,14.629999999999997,1.3973544543688377e-13
3,6,mature lower,18,85,4.722222222222222,67,1.52,16.099999999999998,10.592105263157894,14.579999999999998,1.9408086249228518e-13
3,7,mature lower,17,85,5.0,68,1.45,16.3,11.24137931034483,14.850000000000001,2.383648833870211e-13
3,8,mature lower,19,85,4.473684210526316,66,1.5599999999999998,16.5,10.576923076923078,14.94,1.1218803663837207e-13
3,9,mature lower,17,85,5.0,68,1.49,16.2,10.872483221476509,14.709999999999999,1.374594882364022e-13
3,10,mature lower,18,85,4.722222222222222,67,1.53,16.599999999999998,10.849673202614378,15.069999999999999,1.4656331703832848e-13
3,11,mature lower,18,85,4.722222222222222,67,1.52,16.5,10.855263157894736,14.98,1.5297485500553876e-13
3,12,mature lower,17,85,5.0,68,1.43,16.099999999999998,11.258741258741258,14.669999999999998,1.989103326494046e-13
3,13,mature lower,19,85,4.473684210526316,66,1.53,16.099999999999998,10.522875816993462,14.569999999999999,1.2781442570997115e-13
3,14,mature lower,17,85,5.0,68,1.47,16.4,11.156462585034014,14.929999999999998,1.7272294705605873e-13
3,15,mature lower,16,85,5.3125,69,1.4,17.099999999999998,12.214285714285714,15.699999999999998,2.335631688055173e-13
3,16,mature lower,17,85,5.0,68,1.45,16.5,11.379310344827587,15.05,1.6441015215917787e-13
3,17,mature lower,17,85,5.0,68,1.52,16.099999999999998,10.592105263157894,14.579999999999998,1.8214596497756474e-13
3,18,mature lower,18,85,4.722222222222222,67,1.49,16.2,10.872483221476509,14.709999999999999,1.9020895969390494e-13
3,19,mature lower,19,85,4.473684210526316,66,1.51,16.3,10.794701986754967,14.790000000000001,1.8640644583456378e-13
3,20,mature lower,18,85,4.722222222222222,67,1.51,17.0,11.258278145695364,15.49,1.4056811270535263e-13
3,21,mature lower,17,85,5.0,68,1.47,16.099999999999998,10.95238095238095,14.629999999999997,1.8118839761882555e-13
3,22,mature lower,18,85,4.722222222222222,67,1.53,16.599999999999998,10.849673202614378,15.069999999999999,1.3873624471472112e-13
3,23,mature lower,17,85,5.0,68,1.45,17.0,11.724137931034484,15.55,1.6688039838896884e-13
3,24,mature lower,17,85,5.0,68,1.43,16.0,11.18881118881119,14.57,1.5437651157412802e-13
3,25,mature lower,17,85,5.0,68,1.45,17.3,11.931034482758621,15.850000000000001,2.0593249328015872e-13
3,26,mature lower,17,85,5.0,68,1.47,16.099999999999998,10.95238095238095,14.629999999999997,2.1116441928370477e-13
3,27,mature lower,18,85,4.722222222222222,67,1.52,16.5,10.855263157894736,14.98,1.67990621413594e-13
3,28,mature lower,18,85,4.722222222222222,67,1.47,16.8,11.428571428571429,15.33,9.710288129127775e-14
3,29,mature lower,17,85,5.0,68,1.47,15.399999999999999,10.476190476190476,13.929999999999998,1.5845658118962547e-13
3,30,mature lower,18,85,4.722222222222222,67,1.47,17.5,11.904761904761905,16.03,1.7059964552146312e-13
3,31,mature lower,18,85,4.722222222222222,67,1.54,16.5,10.714285714285714,14.96,1.7809365093768292e-13
3,32,mature lower,16,85,5.3125,69,1.38,16.0,11.594202898550726,14.620000000000001,1.9441392939967272e-13
3,33,mature lower,17,85,5.0,68,1.45,17.0,11.724137931034484,15.55,1.3414269695033454e-13
3,34,mature lower,18,85,4.722222222222222,67,1.52,16.3,10.723684210526317,14.780000000000001,1.6832368832098155e-13
3,35,mature lower,18,85,4.722222222222222,67,1.5599999999999998,15.799999999999999,10.128205128205128,14.239999999999998,1.6889267762110194e-13
3,36,mature lower,17,85,5.0,68,1.45,16.9,11.655172413793103,15.45,2.3496482537410657e-13
3,37,mature lower,17,85,5.0,68,1.52,16.2,10.657894736842104,14.68,1.9186041644303486e-13
3,38,mature lower,19,85,4.473684210526316,66,1.5599999999999998,15.799999999999999,10.128205128205128,14.239999999999998,1.771083280033281e-13
3,39,mature lower,19,85,4.473684210526316,66,1.66,16.4,9.879518072289157,14.739999999999998,1.3504475315784248e-13
3,40,mature lower,19,85,4.473684210526316,66,1.7,16.099999999999998,9.470588235294116,14.399999999999999,1.6754653220374394e-13
3,41,mature lower,17,85,5.0,68,1.49,16.099999999999998,10.805369127516776,14.609999999999998,1.7363888105137448e-13
3,42,second lower,16,85,5.3125,69,1.44,16.599999999999998,11.527777777777777,15.159999999999998,4.518607710224387e-14
3,43,first lower,98,85,0.8673469387755102,-13,8.92,17.0,1.905829596412556,8.08,2.0117241206207837e-13
3,44,center seed,119,97,0.8151260504201681,-22,10.299999999999999,18.099999999999998,1.7572815533980581,7.799999999999999,4.3048897779840445e-14
3,45,first upper,98,85,0.8673469387755102,-13,8.879999999999999,16.5,1.8581081081081083,7.620000000000001,1.5787371410169726e-13
3,46,second upper,16,85,5.3125,69,1.44,15.799999999999999,10.972222222222221,14.36,1.694200335577989e-13
3,47,mature upper,17,85,5.0,68,1.49,16.099999999999998,10.805369127516776,14.609999999999998,1.3082590566426688e-13
3,48,mature upper,19,85,4.473684210526316,66,1.7,16.099999999999998,9.470588235294116,14.399999999999999,2.0818069490502467e-13
3,49,mature upper,19,85,4.473684210526316,66,1.66,16.9,10.180722891566266,15.239999999999998,1.6432688543233098e-13
3,50,mature upper,19,85,4.473684210526316,66,1.5599999999999998,15.899999999999999,10.192307692307692,14.339999999999998,1.504352198367087e-13
3,51,mature upper,17,85,5.0,68,1.52,16.4,10.789473684210526,14.879999999999999,1.987993103469421e-13
3,52,mature upper,17,85,5.0,68,1.45,16.099999999999998,11.103448275862068,14.649999999999999,2.0020096691553135e-13
3,53,mature upper,18,85,4.722222222222222,67,1.5599999999999998,16.3,10.44871794871795,14.74,1.4328815911568427e-13
3,54,mature upper,18,85,4.722222222222222,67,1.52,15.899999999999999,10.460526315789473,14.379999999999999,1.992850329202156e-13
3,55,mature upper,17,85,5.0,68,1.45,16.599999999999998,11.448275862068964,15.149999999999999,2.2278012767884547e-13
3,56,mature upper,16,85,5.3125,69,1.38,15.299999999999999,11.08695652173913,13.919999999999998,1.4244161405940758e-13
3,57,mature upper,18,85,4.722222222222222,67,1.54,16.4,10.649350649350648,14.86,1.7050250100680842e-13
3,58,mature upper,18,85,4.722222222222222,67,1.47,16.0,10.884353741496598,14.53,1.7505441540777156e-13
3,59,mature upper,17,85,5.0,68,1.47,16.0,10.884353741496598,14.53,1.986050213176327e-13
3,60,mature upper,18,85,4.722222222222222,67,1.47,16.0,10.884353741496598,14.53,2.504524365676275e-13
3,61,mature upper,18,85,4.722222222222222,67,1.52,16.5,10.855263157894736,14.98,1.4535594949904862e-13
3,62,mature upper,17,85,5.0,68,1.47,15.299999999999999,10.408163265306122,13.829999999999998,1.7906509608422994e-13
3,63,mature upper,17,85,5.0,68,1.45,16.599999999999998,11.448275862068964,15.149999999999999,1.7214007996813052e-13
3,64,mature upper,17,85,5.0,68,1.42,15.899999999999999,11.197183098591548,14.479999999999999,2.050443148604586e-13
3,65,mature upper,17,85,5.0,68,1.45,16.099999999999998,11.103448275862068,14.649999999999999,1.5210055437364645e-13
3,66,mature upper,18,85,4.722222222222222,67,1.53,16.0,10.457516339869281,14.47,2.0038137815703294e-13
3,67,mature upper,17,85,5.0,68,1.47,16.599999999999998,11.29251700680272,15.129999999999997,1.9356738434339604e-13
3,68,mature upper,18,85,4.722222222222222,67,1.51,15.799999999999999,10.463576158940397,14.29,1.7841284005726266e-13
3,69,mature upper,19,85,4.473684210526316,66,1.51,16.5,10.927152317880795,14.99,2.3848978347729144e-13
3,70,mature upper,18,85,4.722222222222222,67,1.49,15.899999999999999,10.671140939597315,14.409999999999998,1.0448586440503504e-13
3,71,mature upper,17,85,5.0,68,1.52,16.0,10.526315789473685,14.48,1.8859913630819847e-13
3,72,mature upper,18,85,4.722222222222222,67,1.5,15.799999999999999,10.533333333333333,14.299999999999999,1.890987366692798e-13
3,73,mature upper,17,85,5.0,68,1.45,16.8,11.586206896551724,15.350000000000001,2.020744682695863e-13
3,74,mature upper,18,85,4.722222222222222,67,1.49,15.399999999999999,10.335570469798657,13.909999999999998,1.6579793093995931e-13
3,75,mature upper,17,85,5.0,68,1.45,16.5,11.379310344827587,15.05,1.383199110804867e-13
3,76,mature upper,16,85,5.3125,69,1.38,16.099999999999998,11.666666666666666,14.719999999999999,2.0089485630592208e-13
3,77,mature upper,18,85,4.722222222222222,67,1.49,16.099999999999998,10.805369127516776,14.609999999999998,1.5143442055887135e-13
3,78,mature upper,18,85,4.722222222222222,67,1.5599999999999998,16.099999999999998,10.320512820512821,14.539999999999997,1.6829593274536592e-13
3,79,mature upper,18,85,4.722222222222222,67,1.52,16.599999999999998,10.921052631578945,15.079999999999998,1.4710455076283324e-13
3,80,mature upper,18,85,4.722222222222222,67,1.52,15.7,10.328947368421051,14.18,9.356404540028507e-14
3,81,mature upper,17,85,5.0,68,1.45,16.5,11.379310344827587,15.05,2.7258750812109156e-13
3,82,mature upper,17,85,5.0,68,1.52,15.799999999999999,10.394736842105262,14.28,1.176003738834197e-13
3,83,mature upper,17,85,5.0,68,1.45,16.099999999999998,11.103448275862068,14.649999999999999,2.0294876890147862e-13
3,84,mature upper,17,85,5.0,68,1.47,15.899999999999999,10.816326530612244,14.429999999999998,1.7379153671726044e-13
3,85,mature upper,18,85,4.722222222222222,67,1.47,16.8,11.428571428571429,15.33,2.1227464230832993e-13
3,86,mature upper,17,85,5.0,68,1.45,15.299999999999999,10.551724137931034,13.85,2.4878710203068977e-13
3,87,mature upper,18,85,4.722222222222222,67,1.54,16.7,10.844155844155843,15.16,1.576239139211566e-13
3,88,mature upper,18,85,4.722222222222222,67,1.5,15.7,10.466666666666667,14.2,1.0225154056797692e-13
4,0,mature lower,17,85,5.0,68,1.47,16.8,11.428571428571429,15.33,1.6177337247569312e-13
4,1,mature lower,18,85,4.722222222222222,67,1.5899999999999999,15.5,9.748427672955975,13.91,1.9469148515582901e-13
4,2,mature lower,18,85,4.722222222222222,67,1.49,16.5,11.073825503355705,15.01,1.6388279622248092e-13
4,3,mature lower,16,85,5.3125,69,1.4,16.599999999999998,11.857142857142856,15.199999999999998,1.3226919559627959e-13
4,4,mature lower,17,85,5.0,68,1.44,16.099999999999998,11.180555555555555,14.659999999999998,1.7726098366921406e-13
4,5,mature lower,18,85,4.722222222222222,67,1.52,16.599999999999998,10.921052631578945,15.079999999999998,8.112954752448331e-14
4,6,mature lower,18,85,4.722222222222222,67,1.52,16.4,10.789473684210526,14.879999999999999,1.3300471835009375e-13
4,7,mature lower,18,85,4.722222222222222,67,1.49,17.0,11.409395973154362,15.51,2.1674328998244619e-13
4,8,mature lower,16,85,5.3125,69,1.41,16.3,11.560283687943263,14.89,1.6536771951791707e-13
4,9,mature lower,18,85,4.722222222222222,67,1.51,16.099999999999998,10.662251655629138,14.589999999999998,1.2016776462786538e-13
4,10,mature lower,17,85,5.0,68,1.49,16.7,11.208053691275168,15.209999999999999,1.360300760921973e-13
4,11,mature lower,18,85,4.722222222222222,67,1.52,16.3,10.723684210526317,14.780000000000001,2.1278812045721907e-13
4,12,mature lower,17,85,5.0,68,1.47,16.3,11.088435374149661,14.83,1.6210643938308067e-13
4,13,mature lower,16,85,5.3125,69,1.4,15.899999999999999,11.357142857142858,14.499999999999998,1.0325074129013956e-13
4,14,mature lower,17,85,5.0,68,1.47,16.599999999999998,11.29251700680272,15.129999999999997,1.1603218386113667e-13
4,15,mature lower,18,85,4.722222222222222,67,1.54,17.0,11.03896103896104,15.46,1.0902390101819037e-13
4,16,mature lower,18,85,4.722222222222222,67,1.54,16.0,10.38961038961039,14.46,1.534883331544279e-13
4,17,mature lower,16,85,5.3125,69,1.42,16.3,11.47887323943662,14.88,1.4145629112505276e-13
4,18,mature lower,17,85,5.0,68,1.45,16.4,11.310344827586206,14.95,2.1067869671043127e-13
4,19,mature lower,17,85,5.0,68,1.42,16.4,11.549295774647886,14.979999999999999,1.650068970349139e-13
4,20,mature lower,18,85,4.722222222222222,67,1.52,15.799999999999999,10.394736842105262,14.28,9.584000260076664e-14
4,21,mature lower,18,85,4.722222222222222,67,1.47,15.899999999999999,10.816326530612244,14.429999999999998,1.917910275039958e-13
4,22,mature lower,16,85,5.3125,69,1.4,17.3,12.357142857142858,15.9,1.5525081220602033e-13
4,23,mature lower,17,85,5.0,68,1.49,16.3,10.939597315436242,14.81,1.9481638524609934e-13
4,24,mature lower,17,85,5.0,68,1.49,15.399999999999999,10.335570469798657,13.909999999999998,1.6786572132332367e-13
4,25,mature lower,18,85,4.722222222222222,67,1.52,15.899999999999999,10.460526315789473,14.379999999999999,1.7850998457191736e-13
4,26,mature lower,17,85,5.0,68,1.45,16.3,11.24137931034483,14.850000000000001,1.6515955270079985e-13
4,27,mature lower,16,85,5.3125,69,1.4,16.099999999999998,11.5,14.699999999999998,1.744299149564199e-13
4,28,mature lower,17,85,5.0,68,1.49,16.2,10.872483221476509,14.709999999999999,1.1526890553170688e-13
4,29,mature lower,17,85,5.0,68,1.45,17.099999999999998,11.793103448275861,15.649999999999999,1.0355605262191148e-13
4,30,mature lower,18,85,4.722222222222222,67,1.5599999999999998,15.899999999999999,10.192307692307692,14.339999999999998,1.3299084056228594e-13
4,31,mature lower,18,85,4.722222222222222,67,1.51,15.899999999999999,10.52980132450331,14.389999999999999,2.2985779946083085e-13
4,32,mature lower,17,85,5.0,68,1.45,17.099999999999998,11.793103448275861,15.649999999999999,1.281474926173587e-13
4,33,mature lower,17,85,5.0,68,1.47,16.4,11.156462585034014,14.929999999999998,1.434269369937624e-13
4,34,mature lower,17,85,5.0,68,1.54,16.4,10.649350649350648,14.86,1.3405943022348765e-13
4,35,mature lower,17,85,5.0,68,1.45,16.099999999999998,11.103448275862068,14.649999999999999,2.0594637106796654e-13
4,36,mature lower,17,85,5.0,68,1.45,16.099999999999998,11.103448275862068,14.649999999999999,1.7186252421197423e-13
4,37,mature lower,17,85,5.0,68,1.49,16.5,11.073825503355705,15.01,1.697253448895708e-13
4,38,mature lower,18,85,4.722222222222222,67,1.6099999999999999,17.2,10.683229813664596,15.59,1.6989187834326458e-13
4,39,mature lower,20,85,4.25,65,1.65,16.599999999999998,10.06060606060606,14.949999999999998,1.837280327876556e-13
4,40,mature lower,19,85,4.473684210526316,66,1.5599999999999998,16.5,10.576923076923078,14.94,2.1055379662016094e-13
4,41,mature lower,17,85,5.0,68,1.44,17.099999999999998,11.874999999999998,15.659999999999998,8.31279489688086e-14
4,42,second lower,15,85,5.666666666666667,70,1.4,16.3,11.642857142857144,14.9,1.956351747267604e-13
4,43,first lower,95,85,0.8947368421052632,-10,8.73,16.0,1.8327605956471935,7.27,6.439293542825908e-14
4,44,center seed,119,97,0.8151260504201681,-22,10.299999999999999,18.9,1.8349514563106797,8.6,5.676015213396113e-14
4,45,first upper,95,85,0.8947368421052632,-10,8.69,16.2,1.8642117376294591,7.51,1.21541665620839e-13
4,46,second upper,15,85,5.666666666666667,70,1.4,16.3,11.642857142857144,14.9,1.2513601266306296e-13
4,47,mature upper,17,85,5.0,68,1.44,16.4,11.388888888888888,14.959999999999999,1.2918832670294478e-13
4,48,mature upper,19,85,4.473684210526316,66,1.5599999999999998,15.399999999999999,9.871794871794872,13.839999999999998,2.0403123635048814e-13
4,49,mature upper,20,85,4.25,65,1.65,16.4,9.93939393939394,14.749999999999998,1.4517553825754703e-13
4,50,mature upper,18,85,4.722222222222222,67,1.6099999999999999,16.7,10.372670807453417,15.09,1.580124919797754e-13
4,51,mature upper,17,85,5.0,68,1.5,15.899999999999999,10.6,14.399999999999999,1.1926570842035744e-13
4,52,mature upper,17,85,5.0,68,1.45,16.5,11.379310344827587,15.05,1.2313761121873767e-13
4,53,mature upper,17,85,5.0,68,1.45,15.899999999999999,10.96551724137931,14.45,1.2408130078966906e-13
4,54,mature upper,17,85,5.0,68,1.54,16.099999999999998,10.454545454545453,14.559999999999999,1.6993351170668802e-13
4,55,mature upper,17,85,5.0,68,1.47,16.5,11.224489795918368,15.03,1.6728285423539546e-13
4,56,mature upper,17,85,5.0,68,1.45,16.599999999999998,11.448275862068964,15.149999999999999,1.6921186674068167e-13
4,57,mature upper,18,85,4.722222222222222,67,1.51,16.099999999999998,10.662251655629138,14.589999999999998,1.446759378964657e-13
4,58,mature upper,18,85,4.722222222222222,67,1.5599999999999998,16.3,10.44871794871795,14.74,1.7409684804903236e-13
4,59,mature upper,17,85,5.0,68,1.45,16.5,11.379310344827587,15.05,1.3475331961387838e-13
4,60,mature upper,17,85,5.0,68,1.5,16.099999999999998,10.733333333333333,14.599999999999998,1.366962099069724e-13
4,61,mature upper,16,85,5.3125,69,1.4,16.5,11.785714285714286,15.1,1.8568480086855743e-13
4,62,mature upper,17,85,5.0,68,1.45,17.2,11.862068965517242,15.75,1.4038770146385104e-13
4,63,mature upper,18,85,4.722222222222222,67,1.52,15.399999999999999,10.13157894736842,13.879999999999999,1.6302237337839642e-13
4,64,mature upper,17,85,5.0,68,1.49,16.5,11.073825503355705,15.01,1.0140499551170024e-13
4,65,mature upper,17,85,5.0,68,1.49,16.4,11.006711409395972,14.909999999999998,1.271066585317726e-13
4,66,mature upper,16,85,5.3125,69,1.41,16.099999999999998,11.418439716312056,14.689999999999998,1.690453332869879e-13
4,67,mature upper,18,85,4.722222222222222,67,1.47,16.599999999999998,11.29251700680272,15.129999999999997,1.6575629757653587e-13
4,68,mature upper,18,85,4.722222222222222,67,1.52,16.4,10.789473684210526,14.879999999999999,1.514899317101026e-13
4,69,mature upper,17,85,5.0,68,1.43,16.4,11.468531468531468,14.969999999999999,1.5586143486956416e-13
4,70,mature upper,17,85,5.0,68,1.45,16.099999999999998,11.103448275862068,14.649999999999999,1.9478862967048372e-13
4,71,mature upper,16,85,5.3125,69,1.43,15.6,10.90909090909091,14.17,1.8005041901858476e-13
4,72,mature upper,18,85,4.722222222222222,67,1.54,16.5,10.714285714285714,14.96,1.955380302121057e-13
4,73,mature upper,18,85,4.722222222222222,67,1.54,16.099999999999998,10.454545454545453,14.559999999999999,8.769374115757955e-14
4,74,mature upper,17,85,5.0,68,1.47,16.4,11.156462585034014,14.929999999999998,1.1607381722456012e-13
4,75,mature upper,16,85,5.3125,69,1.4,16.599999999999998,11.857142857142856,15.199999999999998,1.601219157265632e-13
4,76,mature upper,17,85,5.0,68,1.46,16.4,11.232876712328766,14.939999999999998,1.9136081608195354e-13
4,77,mature upper,18,85,4.722222222222222,67,1.52,15.899999999999999,10.460526315789473,14.379999999999999,1.0969003483296547e-13
4,78,mature upper,17,85,5.0,68,1.49,16.599999999999998,11.140939597315436,15.109999999999998,1.3791745523406007e-13
4,79,mature upper,18,85,4.722222222222222,67,1.51,16.7,11.059602649006623,15.19,1.8818280267396403e-13
4,80,mature upper,16,85,5.3125,69,1.4,15.5,11.071428571428573,14.1,1.456335052552049e-13
4,81,mature upper,18,85,4.722222222222222,67,1.49,16.2,10.872483221476509,14.709999999999999,1.8461621120735572e-13
4,82,mature upper,18,85,4.722222222222222,67,1.52,17.2,11.31578947368421,15.68,1.9066692669156282e-13
4,83,mature upper,19,85,4.473684210526316,66,1.5599999999999998,15.6,10.0,14.04,1.5060175329040248e-13
4,84,mature upper,17,85,5.0,68,1.45,16.599999999999998,11.448275862068964,15.149999999999999,1.672134652963564e-13
4,85,mature upper,17,85,5.0,68,1.47,16.599999999999998,11.29251700680272,15.129999999999997,1.8826606940081092e-13
4,86,mature upper,18,85,4.722222222222222,67,1.49,16.9,11.34228187919463,15.409999999999998,1.7390255901972296e-13
4,87,mature upper,18,85,4.722222222222222,67,1.54,15.7,10.194805194805195,14.16,1.3444800828210646e-13
4,88,mature upper,18,85,4.722222222222222,67,1.5,16.599999999999998,11.066666666666665,15.099999999999998,7.666089985036706e-14
5,0,mature lower,18,85,4.722222222222222,67,1.52,16.0,10.526315789473685,14.48,9.041378756791119e-14
5,1,mature lower,17,85,5.0,68,1.51,16.099999999999998,10.662251655629138,14.589999999999998,1.5988599333383036e-13
5,2,mature lower,18,85,4.722222222222222,67,1.54,17.9,11.623376623376622,16.36,1.5769330286019567e-13
5,3,mature lower,17,85,5.0,68,1.43,16.4,11.468531468531468,14.969999999999999,1.7504053761996374e-13
5,4,mature lower,18,85,4.722222222222222,67,1.47,16.5,11.224489795918368,15.03,1.5995538227286943e-13
5,5,mature lower,18,85,4.722222222222222,67,1.54,17.0,11.03896103896104,15.46,1.2503886814840826e-13
5,6,mature lower,17,85,5.0,68,1.49,16.2,10.872483221476509,14.709999999999999,1.2148615446960775e-13
5,7,mature lower,18,85,4.722222222222222,67,1.51,16.8,11.125827814569536,15.290000000000001,1.3225531780847177e-13
5,8,mature lower,17,85,5.0,68,1.45,17.2,11.862068965517242,15.75,9.225953334635051e-14
5,9,mature lower,18,85,4.722222222222222,67,1.51,16.3,10.794701986754967,14.790000000000001,7.78543896018391e-14
5,10,mature lower,18,85,4.722222222222222,67,1.5799999999999998,16.2,10.253164556962027,14.62,1.3243572904997336e-13
5,11,mature lower,17,85,5.0,68,1.42,16.8,11.830985915492958,15.38,1.475486399726833e-13
5,12,mature lower,16,85,5.3125,69,1.4,16.8,12.000000000000002,15.4,1.429412144204889e-13
5,13,mature lower,16,85,5.3125,69,1.4,16.5,11.785714285714286,15.1,9.948986079422184e-14
5,14,mature lower,17,85,5.0,68,1.49,16.9,11.34228187919463,15.409999999999998,1.4624412791874875e-13
5,15,mature lower,18,85,4.722222222222222,67,1.49,17.599999999999998,11.81208053691275,16.11,6.061817714453355e-14
5,16,mature lower,18,85,4.722222222222222,67,1.51,17.599999999999998,11.655629139072847,16.089999999999996,1.5612511283791264e-13
5,17,mature lower,18,85,4.722222222222222,67,1.51,17.0,11.258278145695364,15.49,2.1307955400118317e-13
5,18,mature lower,18,85,4.722222222222222,67,1.5599999999999998,17.4,11.153846153846153,15.839999999999998,1.5519530105478907e-13
5,19,mature lower,17,85,5.0,68,1.43,17.0,11.888111888111888,15.57,1.1650402864660236e-13
5,20,mature lower,17,85,5.0,68,1.42,16.8,11.830985915492958,15.38,2.450539771103877e-13
5,21,mature lower,18,85,4.722222222222222,67,1.51,17.099999999999998,11.324503311258276,15.589999999999998,1.731670362659088e-13
5,22,mature lower,17,85,5.0,68,1.45,16.9,11.655172413793103,15.45,8.158751452214119e-14
5,23,mature lower,18,85,4.722222222222222,67,1.47,16.8,11.428571428571429,15.33,1.3512801988468937e-13
5,24,mature lower,16,85,5.3125,69,1.38,16.9,12.246376811594203,15.52,1.976613317467013e-13
5,25,mature lower,17,85,5.0,68,1.45,17.0,11.724137931034484,15.55,1.882521916130031e-13
5,26,mature lower,18,85,4.722222222222222,67,1.51,16.599999999999998,10.993377483443707,15.089999999999998,1.5472345626932338e-13
5,27,mature lower,16,85,5.3125,69,1.42,17.3,12.183098591549298,15.88,2.173261570703744e-13
5,28,mature lower,16,85,5.3125,69,1.47,16.7,11.360544217687075,15.229999999999999,1.681849104429034e-13
5,29,mature lower,17,85,5.0,68,1.42,16.5,11.619718309859156,15.08,1.915967384746864e-13
5,30,mature lower,17,85,5.0,68,1.45,17.0,11.724137931034484,15.55,1.639660629493278e-13
5,31,mature lower,17,85,5.0,68,1.5,16.7,11.133333333333333,15.2,1.3972156764907595e-13
5,32,mature lower,17,85,5.0,68,1.42,16.8,11.830985915492958,15.38,9.363343433932414e-14
5,33,mature lower,17,85,5.0,68,1.47,16.5,11.224489795918368,15.03,1.5373813333496855e-13
5,34,mature lower,17,85,5.0,68,1.47,17.099999999999998,11.632653061224488,15.629999999999997,1.7151557951677887e-13
5,35,mature lower,17,85,5.0,68,1.49,16.599999999999998,11.140939597315436,15.109999999999998,1.6286971771251046e-13
5,36,mature lower,17,85,5.0,68,1.42,16.3,11.47887323943662,14.88,1.0839940056683872e-13
5,37,mature lower,17,85,5.0,68,1.52,17.099999999999998,11.249999999999998,15.579999999999998,1.2320700015777675e-13
5,38,mature lower,19,85,4.473684210526316,66,1.64,16.3,9.939024390243903,14.66,1.306454944227653e-13
5,39,mature lower,20,85,4.25,65,1.73,15.399999999999999,8.901734104046241,13.669999999999998,1.5371037775935292e-13
5,40,mature lower,19,85,4.473684210526316,66,1.74,16.4,9.425287356321839,14.659999999999998,2.381705943577117e-13
5,41,mature lower,17,85,5.0,68,1.46,15.5,10.616438356164384,14.04,1.695310558602614e-13
5,42,second lower,12,85,7.083333333333333,73,1.18,16.2,13.728813559322035,15.02,2.1399548799649892e-13
5,43,first lower,94,85,0.9042553191489362,-9,8.65,16.599999999999998,1.9190751445086702,7.9499999999999975,1.270095140171179e-13
5,44,center seed,118,97,0.8220338983050848,-21,10.2,17.099999999999998,1.676470588235294,6.899999999999999,9.366118991493977e-14
5,45,first upper,94,85,0.9042553191489362,-9,8.62,17.0,1.97215777262181,8.38,7.49678097378137e-14
5,46,second upper,12,85,7.083333333333333,73,1.18,16.5,13.983050847457628,15.32,1.2091716516948736e-13
5,47,mature upper,17,85,5.0,68,1.46,16.099999999999998,11.027397260273972,14.639999999999997,1.51684220739412e-13
5,48,mature upper,19,85,4.473684210526316,66,1.74,16.4,9.425287356321839,14.659999999999998,2.5777990853015353e-13
5,49,mature upper,20,85,4.25,65,1.73,16.3,9.421965317919076,14.57,1.5490386751082497e-13
5,50,mature upper,19,85,4.473684210526316,66,1.63,16.5,10.122699386503069,14.870000000000001,1.5246137685664962e-13
5,51,mature upper,17,85,5.0,68,1.52,17.099999999999998,11.249999999999998,15.579999999999998,1.0470790900996008e-13
5,52,mature upper,17,85,5.0,68,1.43,16.4,11.468531468531468,14.969999999999999,1.2916057112732915e-13
5,53,mature upper,17,85,5.0,68,1.49,16.0,10.738255033557047,14.51,1.9365065107024293e-13
5,54,mature upper,17,85,5.0,68,1.48,17.0,11.486486486486486,15.52,1.0882961198888097e-13
5,55,mature upper,17,85,5.0,68,1.47,16.5,11.224489795918368,15.03,1.1886325257393082e-13
5,56,mature upper,17,85,5.0,68,1.42,16.5,11.619718309859156,15.08,1.7387480344410733e-13
5,57,mature upper,17,85,5.0,68,1.5,16.599999999999998,11.066666666666665,15.099999999999998,1.266209359584991e-13
5,58,mature upper,17,85,5.0,68,1.45,16.7,11.517241379310345,15.25,1.405264793419292e-13
5,59,mature upper,17,85,5.0,68,1.42,16.4,11.549295774647886,14.979999999999999,1.3396228570883295e-13
5,60,mature upper,16,85,5.3125,69,1.47,16.9,11.496598639455781,15.429999999999998,1.623284839880057e-13
5,61,mature upper,16,85,5.3125,69,1.42,16.5,11.619718309859156,15.08,2.0815293932940904e-13
5,62,mature upper,18,85,4.722222222222222,67,1.51,17.0,11.258278145695364,15.49,1.604966159973742e-13
5,63,mature upper,17,85,5.0,68,1.45,16.599999999999998,11.448275862068964,15.149999999999999,2.2466750682070824e-13
5,64,mature upper,17,85,5.0,68,1.42,16.599999999999998,11.690140845070422,15.179999999999998,1.968841756294637e-13
5,65,mature upper,18,85,4.722222222222222,67,1.47,17.099999999999998,11.632653061224488,15.629999999999997,1.63202784619898e-13
5,66,mature upper,17,85,5.0,68,1.45,16.599999999999998,11.448275862068964,15.149999999999999,1.6601997554488435e-13
5,67,mature upper,18,85,4.722222222222222,67,1.53,16.5,10.784313725490195,14.97,1.555977569012157e-13
5,68,mature upper,17,85,5.0,68,1.47,16.9,11.496598639455781,15.429999999999998,1.7591483825185605e-13
5,69,mature upper,17,85,5.0,68,1.42,16.8,11.830985915492958,15.38,1.5995538227286943e-13
5,70,mature upper,18,85,4.722222222222222,67,1.47,16.7,11.360544217687075,15.229999999999999,2.3590851494503795e-13
5,71,mature upper,17,85,5.0,68,1.49,16.5,11.073825503355705,15.01,1.8010593016981602e-13
5,72,mature upper,18,85,4.722222222222222,67,1.5999999999999999,16.8,10.500000000000002,15.200000000000001,8.557043962298394e-14
5,73,mature upper,18,85,4.722222222222222,67,1.51,16.4,10.86092715231788,14.889999999999999,1.4865886299730846e-13
5,74,mature upper,16,85,5.3125,69,1.4,16.9,12.071428571428571,15.499999999999998,1.369876434509365e-13
5,75,mature upper,18,85,4.722222222222222,67,1.5,16.4,10.933333333333332,14.899999999999999,1.5075440895628844e-13
5,76,mature upper,17,85,5.0,68,1.47,16.7,11.360544217687075,15.229999999999999,1.1976530878143876e-13
5,77,mature upper,16,85,5.3125,69,1.47,16.7,11.360544217687075,15.229999999999999,1.1309009284588001e-13
5,78,mature upper,18,85,4.722222222222222,67,1.51,17.0,11.258278145695364,15.49,1.6912860001383478e-13
5,79,mature upper,18,85,4.722222222222222,67,1.49,16.9,11.34228187919463,15.409999999999998,1.4867274078511628e-13
5,80,mature upper,18,85,4.722222222222222,67,1.49,16.3,10.939597315436242,14.81,8.30308044541539e-14
5,81,mature upper,18,85,4.722222222222222,67,1.51,17.2,11.390728476821192,15.69,1.6077417175353048e-13
5,82,mature upper,17,85,5.0,68,1.49,16.8,11.275167785234899,15.31,1.489780521168882e-13
5,83,mature upper,17,85,5.0,68,1.47,16.7,11.360544217687075,15.229999999999999,1.702110674628443e-13
5,84,mature upper,17,85,5.0,68,1.45,16.7,11.517241379310345,15.25,1.6267542868320106e-13
5,85,mature upper,17,85,5.0,68,1.49,16.5,11.073825503355705,15.01,7.287226377883371e-14
5,86,mature upper,17,85,5.0,68,1.45,16.599999999999998,11.448275862068964,15.149999999999999,1.7502665983215593e-13
5,87,mature upper,18,85,4.722222222222222,67,1.53,17.0,11.11111111111111,15.47,1.1235457009206584e-13
5,88,mature upper,17,85,5.0,68,1.45,16.3,11.24137931034483,14.850000000000001,1.7588708267624042e-13
6,0,mature lower,18,85,4.722222222222222,67,1.54,15.5,10.064935064935066,13.96,1.1752404605047673e-13
6,1,mature lower,16,85,5.3125,69,1.47,15.5,10.54421768707483,14.03,1.9857726574201706e-13
6,2,mature lower,16,85,5.3125,69,1.46,16.0,10.95890410958904,14.54,1.2583684094735759e-13
6,3,mature lower,17,85,5.0,68,1.49,16.099999999999998,10.805369127516776,14.609999999999998,6.581540867856006e-14
6,4,mature lower,17,85,5.0,68,1.47,15.6,10.612244897959183,14.129999999999999,1.2304740559798688e-13
6,5,mature lower,18,85,4.722222222222222,67,1.54,16.099999999999998,10.454545454545453,14.559999999999999,9.327955075022487e-14
6,6,mature lower,16,85,5.3125,69,1.45,15.7,10.827586206896552,14.25,1.0946799022804043e-13
6,7,mature lower,16,85,5.3125,69,1.42,15.299999999999999,10.774647887323944,13.879999999999999,1.0658141036401503e-13
6,8,mature lower,17,85,5.0,68,1.49,16.5,11.073825503355705,15.01,1.2390088954816747e-13
6,9,mature lower,17,85,5.0,68,1.45,14.899999999999999,10.275862068965516,13.45,1.111610803405938e-13
6,10,mature lower,18,85,4.722222222222222,67,1.5,16.3,10.866666666666667,14.8,1.091488011084607e-13
6,11,mature lower,16,85,5.3125,69,1.43,15.299999999999999,10.699300699300698,13.87,1.319985787340272e-13
6,12,mature lower,16,84,5.25,68,1.4,16.2,11.571428571428571,14.799999999999999,9.804657086220914e-14
6,13,mature lower,17,84,4.9411764705882355,67,1.5,15.799999999999999,10.533333333333333,14.299999999999999,5.349887199912473e-14
6,14,mature lower,17,84,4.9411764705882355,67,1.47,16.2,11.020408163265305,14.729999999999999,1.27675647831893e-13
6,15,mature lower,17,84,4.9411764705882355,67,1.47,16.3,11.088435374149661,14.83,1.3426065814670096e-13
6,16,mature lower,16,84,5.25,68,1.47,16.8,11.428571428571429,15.33,1.53106693989713e-13
6,17,mature lower,18,84,4.666666666666667,66,1.5599999999999998,15.1,9.67948717948718,13.54,1.3519046992982453e-13
6,18,mature lower,17,84,4.9411764705882355,67,1.45,15.7,10.827586206896552,14.25,1.4721557306529576e-13
6,19,mature lower,17,84,4.9411764705882355,67,1.45,15.899999999999999,10.96551724137931,14.45,9.818534874028728e-14
6,20,mature lower,18,84,4.666666666666667,66,1.51,15.899999999999999,10.52980132450331,14.389999999999999,9.844902670863576e-14
6,21,mature lower,16,84,5.25,68,1.47,14.5,9.863945578231293,13.03,9.869882688917642e-14
6,22,mature lower,17,84,4.9411764705882355,67,1.45,16.0,11.03448275862069,14.55,9.300893388797249e-14
6,23,mature lower,18,84,4.666666666666667,66,1.49,14.799999999999999,9.932885906040267,13.309999999999999,9.559020242022598e-14
6,24,mature lower,17,84,4.9411764705882355,67,1.47,15.299999999999999,10.408163265306122,13.829999999999998,6.850769951327607e-14
6,25,mature lower,18,84,4.666666666666667,66,1.51,15.899999999999999,10.52980132450331,14.389999999999999,1.6379259060173013e-13
6,26,mature lower,16,84,5.25,68,1.38,15.1,10.942028985507246,13.719999999999999,1.8888363095825866e-13
6,27,mature lower,16,84,5.25,68,1.4,15.399999999999999,11.0,13.999999999999998,1.4574452755766742e-13
6,28,mature lower,17,84,4.9411764705882355,67,1.45,15.2,10.482758620689655,13.75,1.761576995384928e-13
6,29,mature lower,17,84,4.9411764705882355,67,1.5,15.399999999999999,10.266666666666666,13.899999999999999,1.2205514376972815e-13
6,30,mature lower,17,84,4.9411764705882355,67,1.54,14.299999999999999,9.285714285714285,12.759999999999998,7.938094626069869e-14
6,31,mature lower,18,84,4.666666666666667,66,1.51,15.2,10.066225165562914,13.69,1.429481533143928e-13
6,32,mature lower,16,84,5.25,68,1.38,14.899999999999999,10.797101449275361,13.52,1.3742479376688266e-13
6,33,mature lower,17,84,4.9411764705882355,67,1.47,14.7,10.0,13.229999999999999,8.434919429589627e-14
6,34,mature lower,18,84,4.666666666666667,66,1.5599999999999998,15.0,9.615384615384617,13.44,2.2621488016127955e-13
6,35,mature lower,18,84,4.666666666666667,66,1.63,15.1,9.263803680981596,13.469999999999999,1.5768636396629176e-13
6,36,mature lower,17,84,4.9411764705882355,67,1.45,15.0,10.344827586206897,13.55,7.183142969324763e-14
6,37,mature lower,17,84,4.9411764705882355,67,1.48,15.1,10.202702702702702,13.62,1.6313339568085894e-13
6,38,mature lower,18,84,4.666666666666667,66,1.6099999999999999,14.899999999999999,9.254658385093167,13.29,9.747758156208874e-14
6,39,mature lower,19,84,4.421052631578948,65,1.69,15.399999999999999,9.112426035502958,13.709999999999999,1.2591316878030057e-13
6,40,mature lower,20,84,4.2,64,1.72,15.799999999999999,9.186046511627907,14.079999999999998,2.0670271050349243e-13
6,41,mature lower,17,84,4.9411764705882355,67,1.47,14.799999999999999,10.068027210884352,13.329999999999998,1.983344044553803e-13
6,42,second lower,11,84,7.636363636363637,73,1.15,15.6,13.56521739130435,14.45,1.122227311078916e-13
6,43,first lower,92,84,0.9130434782608695,-8,8.549999999999999,15.5,1.8128654970760236,6.950000000000001,4.984901380566953e-14
6,44,center seed,118,96,0.8135593220338984,-22,10.2,17.599999999999998,1.7254901960784312,7.399999999999999,1.1814160760792447e-13
6,45,first upper,92,84,0.9130434782608695,-8,8.51,15.6,1.8331374853113984,7.09,5.6288307348495437e-14
6,46,second upper,11,84,7.636363636363637,73,1.15,15.0,13.043478260869566,13.85,1.0855899512662859e-13
6,47,mature upper,17,84,4.9411764705882355,67,1.47,16.2,11.020408163265305,14.729999999999999,1.2723849751594685e-13
6,48,mature upper,20,84,4.2,64,1.72,15.0,8.720930232558139,13.28,1.9562129693895258e-13
6,49,mature upper,19,84,4.421052631578948,65,1.69,15.399999999999999,9.112426035502958,13.709999999999999,1.2236739399540397e-13
6,50,mature upper,18,84,4.666666666666667,66,1.6099999999999999,15.799999999999999,9.813664596273291,14.19,1.1002310174035301e-13
6,51,mature upper,17,84,4.9411764705882355,67,1.48,15.899999999999999,10.743243243243242,14.419999999999998,1.0010048345776568e-13
6,52,mature upper,17,84,4.9411764705882355,67,1.45,16.4,11.310344827586206,14.95,1.3322676295501878e-13
6,53,mature upper,18,84,4.666666666666667,66,1.63,15.799999999999999,9.69325153374233,14.169999999999998,1.1188272530660015e-13
6,54,mature upper,18,84,4.666666666666667,66,1.5599999999999998,16.099999999999998,10.320512820512821,14.539999999999997,7.92976795338518e-14
6,55,mature upper,17,84,4.9411764705882355,67,1.47,16.7,11.360544217687075,15.229999999999999,1.6888573872719803e-13
6,56,mature upper,16,84,5.25,68,1.38,15.399999999999999,11.159420289855072,14.02,9.873352135869595e-14
6,57,mature upper,18,84,4.666666666666667,66,1.51,16.3,10.794701986754967,14.790000000000001,9.101053244364721e-14
6,58,mature upper,17,84,4.9411764705882355,67,1.54,15.899999999999999,10.324675324675324,14.36,8.837375276016246e-14
6,59,mature upper,17,84,4.9411764705882355,67,1.5,15.899999999999999,10.6,14.399999999999999,1.1057821325266559e-13
6,60,mature upper,17,84,4.9411764705882355,67,1.45,15.899999999999999,10.96551724137931,14.45,1.7919693506840417e-13
6,61,mature upper,16,84,5.25,68,1.4,15.7,11.214285714285715,14.299999999999999,1.1242395903110491e-13
6,62,mature upper,16,84,5.25,68,1.38,15.7,11.376811594202898,14.32,1.2811279814783916e-13
6,63,mature upper,18,84,4.666666666666667,66,1.51,16.7,11.059602649006623,15.19,1.081842948558176e-13
6,64,mature upper,17,84,4.9411764705882355,67,1.47,15.7,10.680272108843537,14.229999999999999,5.410255576876466e-14
6,65,mature upper,18,84,4.666666666666667,66,1.5,16.0,10.666666666666666,14.5,1.2802953142099227e-13
6,66,mature upper,17,84,4.9411764705882355,67,1.45,15.7,10.827586206896552,14.25,1.2023715356690445e-13
6,67,mature upper,17,84,4.9411764705882355,67,1.51,16.099999999999998,10.662251655629138,14.589999999999998,1.1401990462900358e-13
6,68,mature upper,18,84,4.666666666666667,66,1.52,15.899999999999999,10.460526315789473,14.379999999999999,1.2641276914138189e-13
6,69,mature upper,17,84,4.9411764705882355,67,1.45,15.799999999999999,10.89655172413793,14.35,1.1618483952702263e-13
6,70,mature upper,18,84,4.666666666666667,66,1.49,15.7,10.536912751677852,14.209999999999999,8.992806499463768e-14
6,71,mature upper,17,84,4.9411764705882355,67,1.51,15.5,10.264900662251655,13.99,7.283063041541027e-14
6,72,mature upper,17,84,4.9411764705882355,67,1.51,15.899999999999999,10.52980132450331,14.389999999999999,8.20732370954147e-14
6,73,mature upper,17,84,4.9411764705882355,67,1.47,15.7,10.680272108843537,14.229999999999999,1.328659404720156e-13
6,74,mature upper,17,84,4.9411764705882355,67,1.45,15.2,10.482758620689655,13.75,1.4954010252310468e-13
6,75,mature upper,18,84,4.666666666666667,66,1.54,15.799999999999999,10.259740259740258,14.259999999999998,1.1057821325266559e-13
6,76,mature upper,17,84,4.9411764705882355,67,1.45,15.6,10.758620689655173,14.15,1.2938261573225418e-13
6,77,mature upper,16,85,5.3125,69,1.38,16.599999999999998,12.028985507246377,15.219999999999999,9.400813461013513e-14
6,78,mature upper,16,85,5.3125,69,1.4,15.399999999999999,11.0,13.999999999999998,1.6389667401028873e-13
6,79,mature upper,17,85,5.0,68,1.51,15.5,10.264900662251655,13.99,1.360300760921973e-13
6,80,mature upper,17,85,5.0,68,1.52,16.099999999999998,10.592105263157894,14.579999999999998,1.4949846915968124e-13
6,81,mature upper,18,85,4.722222222222222,67,1.54,15.5,10.064935064935066,13.96,7.522454881225826e-14
6,82,mature upper,16,85,5.3125,69,1.4,15.5,11.071428571428573,14.1,1.6132234437193915e-13
6,83,mature upper,16,85,5.3125,69,1.4,15.7,11.214285714285715,14.299999999999999,7.915890165577366e-14
6,84,mature upper,16,85,5.3125,69,1.44,16.2,11.25,14.76,1.9934054407144686e-13
6,85,mature upper,16,85,5.3125,69,1.42,15.799999999999999,11.126760563380282,14.379999999999999,1.9186735533693877e-13
6,86,mature upper,18,85,4.722222222222222,67,1.54,16.4,10.649350649350648,14.86,1.422542639240021e-13
6,87,mature upper,18,85,4.722222222222222,67,1.5,15.899999999999999,10.6,14.399999999999999,1.056932319443149e-13
6,88,mature upper,16,85,5.3125,69,1.43,15.6,10.90909090909091,14.17,1.6966289484443564e-13
7,0,mature lower,17,83,4.882352941176471,66,1.54,15.799999999999999,10.259740259740258,14.259999999999998,1.0811837536373048e-13
7,1,mature lower,17,83,4.882352941176471,66,1.46,14.899999999999999,10.205479452054794,13.439999999999998,1.200914367949224e-13
7,2,mature lower,17,83,4.882352941176471,66,1.42,14.799999999999999,10.422535211267606,13.379999999999999,6.161737786669619e-14
7,3,mature lower,17,83,4.882352941176471,66,1.44,15.1,10.48611111111111,13.66,7.057895934359237e-14
7,4,mature lower,16,83,5.1875,67,1.4,14.799999999999999,10.571428571428571,13.399999999999999,1.6634610355836799e-13
7,5,mature lower,17,82,4.823529411764706,65,1.44,14.5,10.069444444444445,13.06,5.762057497804562e-14
7,6,mature lower,16,82,5.125,66,1.43,14.799999999999999,10.34965034965035,13.37,5.748526654691943e-14
7,7,mature lower,18,82,4.555555555555555,64,1.51,14.799999999999999,9.801324503311257,13.29,9.060807659722059e-14
7,8,mature lower,17,82,4.823529411764706,65,1.49,14.5,9.731543624161073,13.01,8.252079575221671e-14
7,9,mature lower,16,82,5.125,66,1.44,14.299999999999999,9.930555555555555,12.86,1.1325315685262183e-13
7,10,mature lower,16,82,5.125,66,1.4,14.6,10.428571428571429,13.2,9.279035872999941e-14
7,11,mature lower,17,82,4.823529411764706,65,1.45,15.7,10.827586206896552,14.25,3.0531133177191805e-14
7,12,mature lower,17,81,4.764705882352941,64,1.52,14.299999999999999,9.407894736842104,12.78,4.9182879990894435e-14
7,13,mature lower,17,81,4.764705882352941,64,1.51,14.299999999999999,9.470198675496688,12.79,6.443456879168252e-14
7,14,mature lower,17,81,4.764705882352941,64,1.44,16.0,11.11111111111111,14.56,6.161737786669619e-14
7,15,mature lower,17,81,4.764705882352941,64,1.45,16.5,11.379310344827587,15.05,9.514611321037592e-14
7,16,mature lower,17,81,4.764705882352941,64,1.44,14.6,10.13888888888889,13.16,6.051409373597494e-14
7,17,mature lower,17,80,4.705882352941177,63,1.51,13.899999999999999,9.205298013245033,12.389999999999999,5.22221155208058e-14
7,18,mature lower,16,80,5.0,64,1.42,13.899999999999999,9.788732394366196,12.479999999999999,7.24316440159356e-14
7,19,mature lower,16,80,5.0,64,1.43,13.5,9.440559440559442,12.07,8.427633590990524e-14
7,20,mature lower,17,80,4.705882352941177,63,1.43,14.1,9.86013986013986,12.67,6.872280522429719e-14
7,21,mature lower,17,80,4.705882352941177,63,1.42,14.1,9.929577464788732,12.68,7.402065071993036e-14
7,22,mature lower,18,79,4.388888888888889,61,1.52,13.2,8.68421052631579,11.68,9.619388618986591e-14
7,23,mature lower,17,79,4.647058823529412,62,1.45,13.899999999999999,9.586206896551724,12.45,5.828670879282072e-14
7,24,mature lower,16,79,4.9375,63,1.4,14.2,10.142857142857142,12.799999999999999,6.9933642210529e-14
7,25,mature lower,16,79,4.9375,63,1.4,13.899999999999999,9.928571428571429,12.499999999999998,9.919495780330578e-14
7,26,mature lower,17,79,4.647058823529412,62,1.46,14.299999999999999,9.794520547945204,12.84,7.60294605051115e-14
7,27,mature lower,17,78,4.588235294117647,61,1.51,14.2,9.403973509933774,12.69,8.560860353945543e-14
7,28,mature lower,16,78,4.875,62,1.46,14.5,9.931506849315069,13.04,3.807024140378701e-14
7,29,mature lower,16,78,4.875,62,1.42,14.399999999999999,10.140845070422534,12.979999999999999,1.3022916078853086e-13
7,30,mature lower,17,78,4.588235294117647,61,1.42,13.6,9.577464788732394,12.18,9.425793479067579e-14
7,31,mature lower,17,78,4.588235294117647,61,1.45,13.899999999999999,9.586206896551724,12.45,1.4458573227571492e-13
7,32,mature lower,18,77,4.277777777777778,59,1.52,13.399999999999999,8.815789473684209,11.879999999999999,1.2280801375830208e-13
7,33,mature lower,16,77,4.8125,61,1.42,13.5,9.507042253521128,12.08,7.230327447871332e-14
7,34,mature lower,16,77,4.8125,61,1.41,13.299999999999999,9.432624113475176,11.889999999999999,8.260059303211165e-14
7,35,mature lower,17,77,4.529411764705882,60,1.47,13.299999999999999,9.047619047619047,11.829999999999998,7.127631818093505e-14
7,36,mature lower,17,77,4.529411764705882,60,1.52,13.299999999999999,8.75,11.78,7.09432512735475e-14
7,37,mature lower,18,77,4.277777777777778,59,1.5899999999999999,12.7,7.987421383647799,11.11,4.630670846772489e-14
7,38,mature lower,16,76,4.75,60,1.45,13.299999999999999,9.172413793103448,11.85,1.2443518437876833e-13
7,39,mature lower,17,76,4.470588235294118,59,1.5899999999999999,13.399999999999999,8.427672955974842,11.809999999999999,1.641152491682618e-13
7,40,mature lower,18,76,4.222222222222222,58,1.66,13.5,8.132530120481928,11.84,1.4212242493982785e-13
7,41,mature lower,19,76,4.0,57,1.73,13.0,7.514450867052023,11.27,2.4664992270828634e-13
7,42,second lower,20,77,3.85,57,1.73,13.0,7.514450867052023,11.27,1.2771728119531645e-13
7,43,first lower,80,72,0.9,-8,7.739999999999999,12.299999999999999,1.5891472868217054,4.56,1.3010773014521249e-13
7,44,center seed,117,96,0.8205128205128205,-21,10.2,18.0,1.7647058823529413,7.800000000000001,1.0791020854661326e-13
7,45,first upper,80,72,0.9,-8,7.699999999999999,11.6,1.5064935064935066,3.9000000000000004,1.3047549152211957e-13
7,46,second upper,20,77,3.85,57,1.74,13.299999999999999,7.643678160919539,11.559999999999999,8.141404217454351e-14
7,47,mature upper,19,76,4.0,57,1.73,12.7,7.341040462427745,10.969999999999999,1.3796602749138742e-13
7,48,mature upper,18,76,4.222222222222222,58,1.66,13.0,7.83132530120482,11.34,1.2868872634186346e-13
7,49,mature upper,17,76,4.470588235294118,59,1.5899999999999999,13.399999999999999,8.427672955974842,11.809999999999999,1.4684434224143672e-13
7,50,mature upper,16,76,4.75,60,1.45,13.399999999999999,9.241379310344827,11.95,1.3788969965844444e-13
7,51,mature upper,18,77,4.277777777777778,59,1.5899999999999999,13.299999999999999,8.364779874213836,11.709999999999999,6.372680161348399e-14
7,52,mature upper,17,77,4.529411764705882,60,1.52,14.6,9.605263157894736,13.08,5.5788706987414116e-14
7,53,mature upper,17,77,4.529411764705882,60,1.47,14.1,9.591836734693878,12.629999999999999,9.958006641497263e-14
7,54,mature upper,16,77,4.8125,61,1.4,14.899999999999999,10.642857142857142,13.499999999999998,1.0604711553341417e-13
7,55,mature upper,16,77,4.8125,61,1.42,14.299999999999999,10.070422535211268,12.879999999999999,1.1953632528260982e-13
7,56,mature upper,18,77,4.277777777777778,59,1.52,13.5,8.881578947368421,11.98,1.1231640617559435e-13
7,57,mature upper,17,78,4.588235294117647,61,1.45,13.6,9.379310344827585,12.15,7.238654120556021e-14
7,58,mature upper,17,78,4.588235294117647,61,1.42,13.899999999999999,9.788732394366196,12.479999999999999,1.4318407570712566e-13
7,59,mature upper,16,78,4.875,62,1.42,14.299999999999999,10.070422535211268,12.879999999999999,1.330532906074211e-13
7,60,mature upper,16,78,4.875,62,1.46,13.799999999999999,9.452054794520548,12.34,5.588932094902077e-14
7,61,mature upper,17,78,4.588235294117647,61,1.51,14.0,9.271523178807946,12.49,1.3473944182607056e-13
7,62,mature upper,17,79,4.647058823529412,62,1.46,13.1,8.972602739726028,11.64,1.5725615254424952e-13
7,63,mature upper,16,79,4.9375,63,1.4,13.399999999999999,9.571428571428571,11.999999999999998,1.3172449242482287e-13
7,64,mature upper,16,79,4.9375,63,1.4,13.299999999999999,9.5,11.899999999999999,7.421493974923976e-14
7,65,mature upper,17,79,4.647058823529412,62,1.45,13.6,9.379310344827585,12.15,1.199040866595169e-13
7,66,mature upper,18,79,4.388888888888889,61,1.52,13.399999999999999,8.815789473684209,11.879999999999999,8.04425970279965e-14
7,67,mature upper,17,80,4.705882352941177,63,1.42,14.799999999999999,10.422535211267606,13.379999999999999,5.1958437552457326e-14
7,68,mature upper,17,80,4.705882352941177,63,1.42,14.7,10.352112676056338,13.28,7.971401316808624e-14
7,69,mature upper,16,80,5.0,64,1.42,15.299999999999999,10.774647887323944,13.879999999999999,6.550315845288424e-14
7,70,mature upper,16,80,5.0,64,1.42,15.1,10.633802816901408,13.68,7.171693794383316e-14
7,71,mature upper,17,80,4.705882352941177,63,1.51,15.7,10.397350993377483,14.19,3.117645031025518e-14
7,72,mature upper,17,81,4.764705882352941,64,1.44,15.299999999999999,10.625,13.86,9.192646643896296e-14
7,73,mature upper,17,81,4.764705882352941,64,1.45,14.799999999999999,10.206896551724137,13.35,7.427392034742297e-14
7,74,mature upper,17,81,4.764705882352941,64,1.49,16.2,10.872483221476509,14.709999999999999,6.128431095930864e-14
7,75,mature upper,16,81,5.0625,65,1.44,15.799999999999999,10.972222222222221,14.36,7.1952860336566e-14
7,76,mature upper,17,81,4.764705882352941,64,1.47,15.1,10.272108843537415,13.629999999999999,1.1216721995666035e-13
7,77,mature upper,17,82,4.823529411764706,65,1.47,14.899999999999999,10.136054421768707,13.429999999999998,9.625633623500107e-14
7,78,mature upper,17,82,4.823529411764706,65,1.43,14.799999999999999,10.34965034965035,13.37,9.130543543456326e-14
7,79,mature upper,16,82,5.125,66,1.47,15.399999999999999,10.476190476190476,13.929999999999998,7.039160920818688e-14
7,80,mature upper,17,82,4.823529411764706,65,1.51,14.7,9.735099337748343,13.19,1.0169642905566434e-13
7,81,mature upper,17,82,4.823529411764706,65,1.47,14.6,9.931972789115646,13.129999999999999,9.754350105417586e-14
7,82,mature upper,18,82,4.555555555555555,64,1.51,14.799999999999999,9.801324503311257,13.29,5.1514348342607263e-14
7,83,mature upper,17,82,4.823529411764706,65,1.45,14.899999999999999,10.275862068965516,13.45,7.50718931463723e-14
7,84,mature upper,16,83,5.1875,67,1.42,14.399999999999999,10.140845070422534,12.979999999999999,1.0935696792557792e-13
7,85,mature upper,17,83,4.882352941176471,66,1.49,14.6,9.798657718120806,13.11,6.050715484207103e-14
7,86,mature upper,18,83,4.611111111111111,65,1.51,15.0,9.933774834437086,13.49,9.056297378684519e-14
7,87,mature upper,17,83,4.882352941176471,66,1.49,15.299999999999999,10.268456375838925,13.809999999999999,2.8976820942716586e-14
7,88,mature upper,16,83,5.1875,67,1.44,14.799999999999999,10.277777777777777,13.36,1.3988116220886582e-13
8,0,mature lower,17,75,4.411764705882353,58,1.44,12.899999999999999,8.958333333333332,11.459999999999999,9.769463883702034e-14
8,1,mature lower,16,74,4.625,58,1.42,12.6,8.873239436619718,11.18,1.998583048189173e-13
8,2,mature lower,16,73,4.5625,57,1.4,12.299999999999999,8.785714285714285,10.899999999999999,1.4428700747214085e-13
8,3,mature lower,16,73,4.5625,57,1.45,11.799999999999999,8.137931034482758,10.35,1.0382715737514148e-13
8,4,mature lower,17,72,4.235294117647059,55,1.51,11.7,7.748344370860926,10.19,1.1008563310065111e-13
8,5,mature lower,17,71,4.176470588235294,54,1.46,12.5,8.561643835616438,11.04,1.5319974564116656e-13
8,6,mature lower,17,71,4.176470588235294,54,1.48,12.299999999999999,8.31081081081081,10.819999999999999,1.864899836119538e-13
8,7,mature lower,16,71,4.4375,55,1.45,12.5,8.620689655172415,11.05,2.397603871082815e-13
8,8,mature lower,16,70,4.375,54,1.42,12.299999999999999,8.661971830985916,10.879999999999999,2.573173336732626e-13
8,9,mature lower,16,70,4.375,54,1.47,13.799999999999999,9.387755102040815,12.329999999999998,2.181200641111769e-13
8,10,mature lower,16,70,4.375,54,1.42,12.299999999999999,8.661971830985916,10.879999999999999,1.4961165986648872e-13
8,11,mature lower,16,69,4.3125,53,1.47,13.399999999999999,9.1156462585034,11.929999999999998,2.0134095128979124e-13
8,12,mature lower,18,69,3.8333333333333335,51,1.54,11.799999999999999,7.662337662337661,10.259999999999998,1.85418520814995e-13
8,13,mature lower,17,69,4.0588235294117645,52,1.49,12.0,8.053691275167786,10.51,2.4717917599878514e-13
8,14,mature lower,17,68,4.0,51,1.48,12.7,8.58108108108108,11.219999999999999,1.6847086876589645e-13
8,15,mature lower,16,68,4.25,52,1.45,12.7,8.758620689655173,11.25,1.809596309604311e-13
8,16,mature lower,16,68,4.25,52,1.44,11.799999999999999,8.194444444444445,10.36,1.6577635531672685e-13
8,17,mature lower,17,68,4.0,51,1.49,11.2,7.516778523489933,9.709999999999999,1.5872546332840187e-13
8,18,mature lower,16,68,4.25,52,1.43,11.0,7.6923076923076925,9.57,6.206146707654625e-14
8,19,mature lower,17,68,4.0,51,1.51,11.2,7.417218543046357,9.69,1.682476315385817e-13
8,20,mature lower,17,67,3.9411764705882355,50,1.5599999999999998,12.399999999999999,7.948717948717949,10.839999999999998,1.4399153527508424e-13
8,21,mature lower,17,67,3.9411764705882355,50,1.49,12.5,8.389261744966444,11.01,1.266847954664585e-13
8,22,mature lower,17,67,3.9411764705882355,50,1.47,12.399999999999999,8.435374149659863,10.929999999999998,1.4320332029568728e-13
8,23,mature lower,15,67,4.466666666666667,52,1.38,12.1,8.768115942028986,10.719999999999999,1.8249616227927756e-14
8,24,mature lower,18,67,3.7222222222222223,49,1.5499999999999998,11.5,7.419354838709678,9.95,7.514963044213951e-14
8,25,mature lower,17,67,3.9411764705882355,50,1.5599999999999998,10.9,6.987179487179488,9.34,4.0745185003743245e-14
8,26,mature lower,17,67,3.9411764705882355,50,1.44,10.9,7.569444444444445,9.46,1.0014211682118912e-13
8,27,mature lower,17,67,3.9411764705882355,50,1.42,11.5,8.098591549295776,10.08,7.238654120556021e-14
8,28,mature lower,16,67,4.1875,51,1.38,11.899999999999999,8.623188405797102,10.52,1.354472090042691e-13
8,29,mature lower,16,67,4.1875,51,1.44,11.2,7.777777777777778,9.76,1.2849985832341648e-13
8,30,mature lower,17,66,3.8823529411764706,49,1.49,12.299999999999999,8.255033557046978,10.809999999999999,7.926992395823618e-14
8,31,mature lower,16,66,4.125,50,1.4,11.2,8.0,9.799999999999999,7.238654120556021e-14
8,32,mature lower,16,66,4.125,50,1.4,11.299999999999999,8.071428571428571,9.899999999999999,9.381384558082573e-14
8,33,mature lower,16,66,4.125,50,1.42,11.0,7.746478873239437,9.58,8.837527064320394e-14
8,34,mature lower,17,66,3.8823529411764706,49,1.48,11.0,7.4324324324324325,9.52,5.939693181744587e-14
8,35,mature lower,17,66,3.8823529411764706,49,1.5599999999999998,11.1,7.115384615384616,9.54,8.43769498715119e-14
8,36,mature lower,16,66,4.125,50,1.45,11.0,7.586206896551724,9.55,1.1524114995609125e-13
8,37,mature lower,17,66,3.8823529411764706,49,1.54,12.299999999999999,7.987012987012986,10.759999999999998,1.0027222108188738e-13
8,38,mature lower,18,66,3.6666666666666665,48,1.6099999999999999,11.4,7.080745341614907,9.790000000000001,1.3385776861940535e-13
8,39,mature lower,19,66,3.473684210526316,47,1.68,12.6,7.5,10.92,7.113884134546389e-14
8,40,mature lower,18,66,3.6666666666666665,48,1.67,11.299999999999999,6.766467065868263,9.629999999999999,1.251816575745246e-13
8,41,mature lower,16,66,4.125,50,1.4,11.2,8.0,9.799999999999999,1.5128751116449957e-13
8,42,second lower,10,66,6.6,56,1.0899999999999999,10.799999999999999,9.908256880733946,9.709999999999999,9.250662302145995e-14
8,43,first lower,76,66,0.868421052631579,-10,7.47,10.799999999999999,1.4457831325301205,3.329999999999999,4.8414614331471206e-14
8,44,center seed,116,96,0.8275862068965517,-20,10.1,18.5,1.8316831683168318,8.4,3.2508717939805365e-14
8,45,first upper,76,66,0.868421052631579,-10,7.4399999999999995,11.299999999999999,1.5188172043010753,3.8599999999999994,5.850875339774575e-14
8,46,second upper,10,66,6.6,56,1.0899999999999999,11.1,10.183486238532112,10.01,2.297337667322985e-13
8,47,mature upper,16,66,4.125,50,1.4,10.9,7.7857142857142865,9.5,9.588402120896955e-14
8,48,mature upper,18,66,3.6666666666666665,48,1.67,11.4,6.826347305389222,9.73,2.5081965584344834e-13
8,49,mature upper,19,66,3.473684210526316,47,1.68,10.6,6.309523809523809,8.92,1.9018380620350328e-13
8,50,mature upper,18,66,3.6666666666666665,48,1.6099999999999999,11.0,6.832298136645964,9.39,5.126086187468015e-14
8,51,mature upper,17,66,3.8823529411764706,49,1.54,11.2,7.2727272727272725,9.66,1.556837341334938e-13
8,52,mature upper,16,66,4.125,50,1.45,11.2,7.724137931034482,9.75,1.208325974000335e-13
8,53,mature upper,17,66,3.8823529411764706,49,1.5599999999999998,11.2,7.17948717948718,9.639999999999999,5.176198011880295e-14
8,54,mature upper,17,66,3.8823529411764706,49,1.49,10.5,7.046979865771812,9.01,1.1363197709168826e-13
8,55,mature upper,16,66,4.125,50,1.42,10.799999999999999,7.605633802816901,9.379999999999999,1.3553638463295603e-13
8,56,mature upper,16,66,4.125,50,1.4,10.4,7.42857142857143,9.0,1.0260715888055216e-13
8,57,mature upper,16,66,4.125,50,1.4,10.4,7.42857142857143,9.0,1.0658141036401503e-13
8,58,mature upper,17,66,3.8823529411764706,49,1.49,10.7,7.181208053691274,9.209999999999999,5.928590951498336e-14
8,59,mature upper,16,67,4.1875,51,1.44,10.5,7.291666666666667,9.06,1.0241043039635467e-13
8,60,mature upper,16,67,4.1875,51,1.38,11.299999999999999,8.18840579710145,9.919999999999998,8.855519399372791e-14
8,61,mature upper,17,67,3.9411764705882355,50,1.42,11.5,8.098591549295776,10.08,1.177946629127291e-13
8,62,mature upper,17,67,3.9411764705882355,50,1.44,11.7,8.125,10.26,9.947598300641403e-14
8,63,mature upper,17,67,3.9411764705882355,50,1.5599999999999998,11.0,7.051282051282052,9.44,2.9531932455029164e-14
8,64,mature upper,18,67,3.7222222222222223,49,1.5599999999999998,11.7,7.5,10.139999999999999,4.338678938689555e-14
8,65,mature upper,15,67,4.466666666666667,52,1.38,11.299999999999999,8.18840579710145,9.919999999999998,1.0680345496894006e-13
8,66,mature upper,17,67,3.9411764705882355,50,1.47,11.299999999999999,7.687074829931972,9.829999999999998,6.566996295712113e-14
8,67,mature upper,17,67,3.9411764705882355,50,1.49,11.5,7.718120805369128,10.01,8.271161533457416e-14
8,68,mature upper,17,67,3.9411764705882355,50,1.5499999999999998,10.9,7.03225806451613,9.350000000000001,7.141401185684071e-14
8,69,mature upper,17,68,4.0,51,1.51,11.5,7.6158940397351,9.99,1.0952019456264561e-13
8,70,mature upper,16,68,4.25,52,1.42,11.6,8.169014084507042,10.18,1.3219026567812264e-13
8,71,mature upper,17,68,4.0,51,1.49,12.1,8.120805369127517,10.61,1.2134493713664152e-13
8,72,mature upper,16,68,4.25,52,1.44,11.4,7.916666666666667,9.96,6.994405055138486e-14
8,73,mature upper,16,68,4.25,52,1.45,11.7,8.068965517241379,10.25,1.206292010724752e-13
8,74,mature upper,17,68,4.0,51,1.48,11.5,7.77027027027027,10.02,1.7981688187063138e-13
8,75,mature upper,17,69,4.0588235294117645,52,1.49,11.5,7.718120805369128,10.01,1.3585671216481687e-13
8,76,mature upper,18,69,3.8333333333333335,51,1.54,11.899999999999999,7.727272727272726,10.36,1.3684599243710127e-13
8,77,mature upper,16,69,4.3125,53,1.47,11.2,7.619047619047619,9.729999999999999,1.2763564077172829e-13
8,78,mature upper,16,70,4.375,54,1.42,11.7,8.23943661971831,10.28,1.623385128581012e-13
8,79,mature upper,16,70,4.375,54,1.46,12.299999999999999,8.424657534246574,10.84,1.7865239452727333e-13
8,80,mature upper,16,70,4.375,54,1.42,12.2,8.591549295774648,10.78,1.4508527842668761e-13
8,81,mature upper,16,71,4.4375,55,1.45,12.0,8.275862068965518,10.55,1.411044404150269e-13
8,82,mature upper,17,71,4.176470588235294,54,1.48,12.1,8.175675675675675,10.62,2.881010046414806e-13
8,83,mature upper,17,71,4.176470588235294,54,1.46,11.899999999999999,8.150684931506849,10.439999999999998,2.667941009174696e-13
8,84,mature upper,17,72,4.235294117647059,55,1.51,12.0,7.947019867549669,10.49,1.6328878895723042e-13
8,85,mature upper,16,73,4.5625,57,1.45,12.299999999999999,8.482758620689655,10.85,1.3164981800019293e-13
8,86,mature upper,16,73,4.5625,57,1.42,12.2,8.591549295774648,10.78,1.6504928933985807e-13
8,87,mature upper,15,74,4.933333333333334,59,1.4,12.5,8.928571428571429,11.1,7.87148124459236e-14
8,88,mature upper,15,75,5.0,60,1.38,12.899999999999999,9.347826086956522,11.52,1.0525548531717388e-13
9,0,mature lower,16,79,4.9375,63,1.44,13.899999999999999,9.652777777777777,12.459999999999999,9.181544413650045e-14
9,1,mature lower,17,79,4.647058823529412,62,1.49,14.399999999999999,9.66442953020134,12.909999999999998,6.867423296696984e-14
9,2,mature lower,16,78,4.875,62,1.46,14.899999999999999,10.205479452054794,13.439999999999998,1.0205725153866751e-13
9,3,mature lower,17,78,4.588235294117647,61,1.46,13.799999999999999,9.452054794520548,12.34,9.586081928247836e-14
9,4,mature lower,16,78,4.875,62,1.44,13.7,9.51388888888889,12.26,9.525713551283843e-14
9,5,mature lower,16,77,4.8125,61,1.42,14.5,10.211267605633804,13.08,1.1880774142269956e-13
9,6,mature lower,16,77,4.8125,61,1.45,13.6,9.379310344827585,12.15,1.099190183317944e-13
9,7,mature lower,16,77,4.8125,61,1.44,13.2,9.166666666666666,11.76,5.995204332975845e-14
9,8,mature lower,17,76,4.470588235294118,59,1.45,14.1,9.724137931034482,12.65,2.1889087764570547e-13
9,9,mature lower,17,76,4.470588235294118,59,1.44,13.7,9.51388888888889,12.26,1.1929693344292502e-13
9,10,mature lower,17,76,4.470588235294118,59,1.46,13.899999999999999,9.520547945205479,12.439999999999998,1.699577978353517e-13
9,11,mature lower,16,75,4.6875,59,1.44,13.299999999999999,9.23611111111111,11.86,1.7744833380461955e-13
9,12,mature lower,16,75,4.6875,59,1.47,14.7,10.0,13.229999999999999,1.580055530858715e-13
9,13,mature lower,17,75,4.411764705882353,58,1.47,13.899999999999999,9.45578231292517,12.429999999999998,2.4043267377038546e-13
9,14,mature lower,17,74,4.352941176470588,57,1.47,14.2,9.65986394557823,12.729999999999999,1.9163837183810983e-13
9,15,mature lower,15,74,4.933333333333334,59,1.38,12.7,9.202898550724639,11.32,1.4764231504038605e-13
9,16,mature lower,16,74,4.625,58,1.42,12.299999999999999,8.661971830985916,10.879999999999999,1.3410453303386305e-13
9,17,mature lower,17,73,4.294117647058823,56,1.51,12.299999999999999,8.14569536423841,10.79,2.0597412664358217e-13
9,18,mature lower,17,73,4.294117647058823,56,1.49,13.799999999999999,9.261744966442953,12.309999999999999,2.4278148935685806e-13
9,19,mature lower,17,73,4.294117647058823,56,1.46,14.1,9.657534246575343,12.64,2.29472690849164e-13
9,20,mature lower,15,73,4.866666666666666,58,1.42,13.6,9.577464788732394,12.18,1.7608831059945373e-13
9,21,mature lower,15,73,4.866666666666666,58,1.42,13.2,9.295774647887324,11.78,1.7635545801475416e-13
9,22,mature lower,16,72,4.5,56,1.49,12.399999999999999,8.322147651006711,10.909999999999998,2.12344031247369e-13
9,23,mature lower,17,72,4.235294117647059,55,1.49,12.5,8.389261744966444,11.01,2.2662774434856203e-13
9,24,mature lower,17,72,4.235294117647059,55,1.49,13.299999999999999,8.926174496644295,11.809999999999999,2.3145027561177756e-13
9,25,mature lower,17,72,4.235294117647059,55,1.53,13.6,8.88888888888889,12.07,2.3394133852328025e-13
9,26,mature lower,15,72,4.8,57,1.42,14.7,10.352112676056338,13.28,1.3104448082223996e-13
9,27,mature lower,16,72,4.5,56,1.4,12.5,8.928571428571429,11.1,1.8714890748228186e-13
9,28,mature lower,16,72,4.5,56,1.43,12.5,8.741258741258742,11.07,2.818648092706155e-13
9,29,mature lower,17,71,4.176470588235294,54,1.51,12.299999999999999,8.14569536423841,10.79,2.2070539840157721e-13
9,30,mature lower,16,71,4.4375,55,1.48,12.299999999999999,8.31081081081081,10.819999999999999,2.228460471709326e-13
9,31,mature lower,15,71,4.733333333333333,56,1.42,13.6,9.577464788732394,12.18,1.6336237917968788e-13
9,32,mature lower,16,71,4.4375,55,1.42,13.399999999999999,9.436619718309858,11.979999999999999,3.626890454633269e-13
9,33,mature lower,17,71,4.176470588235294,54,1.45,12.399999999999999,8.551724137931034,10.95,1.5756840276992534e-13
9,34,mature lower,18,71,3.9444444444444446,53,1.54,12.0,7.792207792207792,10.46,1.438918428853242e-13
9,35,mature lower,17,71,4.176470588235294,54,1.52,12.7,8.355263157894736,11.18,2.2310625569232911e-13
9,36,mature lower,16,71,4.4375,55,1.42,13.1,9.225352112676056,11.68,1.6231113675324593e-13
9,37,mature lower,17,71,4.176470588235294,54,1.52,13.6,8.947368421052632,12.08,1.7914489336412487e-13
9,38,mature lower,17,71,4.176470588235294,54,1.5599999999999998,13.7,8.782051282051283,12.139999999999999,2.4696911182786607e-13
9,39,mature lower,18,71,3.9444444444444446,53,1.63,12.5,7.668711656441718,10.870000000000001,2.0823620605625592e-13
9,40,mature lower,19,71,3.736842105263158,52,1.71,11.899999999999999,6.95906432748538,10.189999999999998,1.140407213107153e-13
9,41,mature lower,17,71,4.176470588235294,54,1.49,12.399999999999999,8.322147651006711,10.909999999999998,8.753761604474164e-14
9,42,second lower,20,70,3.5,50,1.8399999999999999,12.5,6.793478260869565,10.66,1.765844415135831e-13
9,43,first lower,79,69,0.8734177215189873,-10,7.64,13.1,1.7146596858638743,5.46,5.820691151292579e-14
9,44,center seed,116,95,0.8189655172413793,-21,10.1,18.099999999999998,1.792079207920792,7.999999999999998,1.0974554598419672e-13
9,45,first upper,79,69,0.8734177215189873,-10,7.609999999999999,11.799999999999999,1.5505913272010512,4.1899999999999995,1.0025313912365164e-13
9,46,second upper,20,70,3.5,50,1.8299999999999998,13.1,7.158469945355192,11.27,1.6244297573742017e-13
9,47,mature upper,17,71,4.176470588235294,54,1.49,12.899999999999999,8.657718120805368,11.409999999999998,9.898332153923661e-14
9,48,mature upper,19,71,3.736842105263158,52,1.72,12.799999999999999,7.441860465116279,11.079999999999998,1.4622331123703702e-13
9,49,mature upper,18,71,3.9444444444444446,53,1.63,13.1,8.036809815950921,11.469999999999999,2.451268354963787e-13
9,50,mature upper,17,71,4.176470588235294,54,1.5599999999999998,13.1,8.397435897435898,11.54,1.873397270646393e-13
9,51,mature upper,17,71,4.176470588235294,54,1.51,12.899999999999999,8.543046357615893,11.389999999999999,2.1318710685669373e-13
9,52,mature upper,16,71,4.4375,55,1.42,12.799999999999999,9.014084507042254,11.379999999999999,1.697565699121384e-13
9,53,mature upper,17,71,4.176470588235294,54,1.52,13.7,9.01315789473684,12.18,1.491862189340054e-13
9,54,mature upper,18,71,3.9444444444444446,53,1.54,12.799999999999999,8.311688311688311,11.259999999999998,2.0266427425141842e-13
9,55,mature upper,17,71,4.176470588235294,54,1.45,13.0,8.965517241379311,11.55,2.0109955367608734e-13
9,56,mature upper,16,71,4.4375,55,1.43,12.399999999999999,8.67132867132867,10.969999999999999,1.5827616994812388e-13
9,57,mature upper,15,71,4.733333333333333,56,1.42,12.5,8.802816901408452,11.08,1.6675202885174656e-13
9,58,mature upper,16,71,4.4375,55,1.49,12.6,8.456375838926174,11.11,1.9761969838327786e-13
9,59,mature upper,17,71,4.176470588235294,54,1.51,12.7,8.410596026490065,11.19,2.4009613741604596e-13
9,60,mature upper,16,72,4.5,56,1.43,12.299999999999999,8.601398601398602,10.87,2.3155435902033616e-13
9,61,mature upper,16,72,4.5,56,1.4,13.799999999999999,9.857142857142858,12.399999999999999,1.9695703401545472e-13
9,62,mature upper,15,72,4.8,57,1.42,13.1,9.225352112676056,11.68,1.0595344046571142e-13
9,63,mature upper,17,72,4.235294117647059,55,1.53,13.299999999999999,8.69281045751634,11.77,2.0775395292993437e-13
9,64,mature upper,17,72,4.235294117647059,55,1.49,12.6,8.456375838926174,11.11,1.3887155314584732e-13
9,65,mature upper,17,72,4.235294117647059,55,1.49,12.6,8.456375838926174,11.11,2.337574578348267e-13
9,66,mature upper,16,72,4.5,56,1.49,12.5,8.389261744966444,11.01,2.278559285695536e-13
9,67,mature upper,15,73,4.866666666666666,58,1.42,12.2,8.591549295774648,10.78,1.452830911130576e-13
9,68,mature upper,15,73,4.866666666666666,58,1.42,12.899999999999999,9.08450704225352,11.479999999999999,1.6821266601851903e-13
9,69,mature upper,17,73,4.294117647058823,56,1.46,12.299999999999999,8.424657534246574,10.84,1.5492121474558473e-13
9,70,mature upper,17,73,4.294117647058823,56,1.49,12.799999999999999,8.590604026845638,11.309999999999999,1.755158518523814e-13
9,71,mature upper,17,73,4.294117647058823,56,1.51,14.6,9.668874172185431,13.09,2.14737949644217e-13
9,72,mature upper,16,74,4.625,58,1.42,12.5,8.802816901408452,11.08,1.1043596592763549e-13
9,73,mature upper,15,74,4.933333333333334,59,1.38,14.299999999999999,10.36231884057971,12.919999999999998,1.3853848623845977e-13
9,74,mature upper,17,74,4.352941176470588,57,1.47,14.299999999999999,9.727891156462585,12.829999999999998,1.7515155992242626e-13
9,75,mature upper,17,75,4.411764705882353,58,1.47,13.7,9.319727891156463,12.229999999999999,1.8748544383662136e-13
9,76,mature upper,16,75,4.6875,59,1.47,13.899999999999999,9.45578231292517,12.429999999999998,1.9017079577743345e-13
9,77,mature upper,16,75,4.6875,59,1.44,14.0,9.722222222222223,12.56,2.498452833510356e-13
9,78,mature upper,17,76,4.470588235294118,59,1.44,13.2,9.166666666666666,11.76,1.0598813493523096e-13
9,79,mature upper,17,76,4.470588235294118,59,1.44,13.7,9.51388888888889,12.26,1.1240314234939319e-13
9,80,mature upper,17,76,4.470588235294118,59,1.45,13.299999999999999,9.172413793103448,11.85,2.0305979120394113e-13
9,81,mature upper,16,77,4.8125,61,1.5,13.899999999999999,9.266666666666666,12.399999999999999,1.3877093918424066e-13
9,82,mature upper,16,77,4.8125,61,1.49,13.5,9.060402684563758,12.01,1.3278961263907263e-13
9,83,mature upper,16,77,4.8125,61,1.44,13.399999999999999,9.305555555555555,11.959999999999999,1.170764873936747e-13
9,84,mature upper,16,78,4.875,62,1.44,14.6,10.13888888888889,13.16,1.0681733275674787e-13
9,85,mature upper,17,78,4.588235294117647,61,1.44,13.899999999999999,9.652777777777777,12.459999999999999,8.260059303211165e-14
9,86,mature upper,16,78,4.875,62,1.46,14.399999999999999,9.863013698630136,12.939999999999998,6.683542608243442e-14
9,87,mature upper,17,79,4.647058823529412,62,1.49,14.399999999999999,9.66442953020134,12.909999999999998,9.683920332292928e-14
9,88,mature upper,16,79,4.9375,63,1.46,14.0,9.589041095890412,12.54,5.340172748447003e-14
10,0,mature lower,16,83,5.1875,67,1.44,16.4,11.388888888888888,14.959999999999999,1.0125233984581428e-13
10,1,mature lower,17,83,4.882352941176471,66,1.53,15.899999999999999,10.392156862745097,14.37,1.0613732115416497e-13
10,2,mature lower,16,83,5.1875,67,1.47,16.2,11.020408163265305,14.729999999999999,6.206146707654625e-14
10,3,mature lower,15,83,5.533333333333333,68,1.39,15.6,11.223021582733814,14.209999999999999,1.19897147765613e-13
10,4,mature lower,16,83,5.1875,67,1.46,16.4,11.232876712328766,14.939999999999998,6.417089082333405e-14
10,5,mature lower,16,83,5.1875,67,1.46,16.099999999999998,11.027397260273972,14.639999999999997,7.904787935331115e-14
10,6,mature lower,17,83,4.882352941176471,66,1.53,15.7,10.261437908496731,14.17,5.870304242705515e-14
10,7,mature lower,16,83,5.1875,67,1.46,15.5,10.616438356164384,14.04,9.488243524202744e-14
10,8,mature lower,15,83,5.533333333333333,68,1.4,16.3,11.642857142857144,14.9,5.4539706084710815e-14
10,9,mature lower,16,83,5.1875,67,1.51,16.2,10.728476821192052,14.69,7.382983113757291e-14
10,10,mature lower,17,83,4.882352941176471,66,1.53,15.7,10.261437908496731,14.17,5.540012892879531e-14
10,11,mature lower,17,83,4.882352941176471,66,1.53,16.099999999999998,10.522875816993462,14.569999999999999,1.723066134218243e-13
10,12,mature lower,17,83,4.882352941176471,66,1.46,16.0,10.95890410958904,14.54,1.141309269314661e-13
10,13,mature lower,15,83,5.533333333333333,68,1.4,16.3,11.642857142857144,14.9,1.0869083411080283e-13
10,14,mature lower,16,83,5.1875,67,1.44,16.2,11.25,14.76,6.972200594645983e-14
10,15,mature lower,16,83,5.1875,67,1.51,16.099999999999998,10.662251655629138,14.589999999999998,7.275430258246729e-14
10,16,mature lower,17,83,4.882352941176471,66,1.53,16.0,10.457516339869281,14.47,8.926193117986259e-14
10,17,mature lower,15,83,5.533333333333333,68,1.38,15.899999999999999,11.521739130434783,14.52,1.0169642905566434e-13
10,18,mature lower,15,83,5.533333333333333,68,1.4,16.7,11.928571428571429,15.299999999999999,8.260059303211165e-14
10,19,mature lower,16,83,5.1875,67,1.51,17.3,11.456953642384107,15.790000000000001,4.263256414560601e-14
10,20,mature lower,17,83,4.882352941176471,66,1.5599999999999998,15.799999999999999,10.128205128205128,14.239999999999998,4.318767565791859e-14
10,21,mature lower,17,83,4.882352941176471,66,1.5599999999999998,16.2,10.384615384615385,14.639999999999999,9.159339953157541e-14
10,22,mature lower,15,83,5.533333333333333,68,1.38,15.6,11.304347826086957,14.219999999999999,9.803269307440132e-14
10,23,mature lower,15,83,5.533333333333333,68,1.4,17.0,12.142857142857144,15.6,8.913009219568835e-14
10,24,mature lower,16,83,5.1875,67,1.47,15.799999999999999,10.74829931972789,14.329999999999998,5.284661597215745e-14
10,25,mature lower,17,83,4.882352941176471,66,1.5799999999999998,15.899999999999999,10.063291139240507,14.319999999999999,6.823708265102368e-14
10,26,mature lower,17,83,4.882352941176471,66,1.5599999999999998,15.899999999999999,10.192307692307692,14.339999999999998,3.95516952522712e-14
10,27,mature lower,15,83,5.533333333333333,68,1.3299999999999998,14.899999999999999,11.203007518796992,13.569999999999999,8.426592756904938e-14
10,28,mature lower,15,83,5.533333333333333,68,1.3699999999999999,16.7,12.189781021897812,15.33,5.812017533912694e-14
10,29,mature lower,16,83,5.1875,67,1.44,16.099999999999998,11.180555555555555,14.659999999999998,7.509270982808403e-14
10,30,mature lower,16,83,5.1875,67,1.48,16.7,11.283783783783784,15.219999999999999,6.306066779870889e-14
10,31,mature lower,16,83,5.1875,67,1.48,16.0,10.81081081081081,14.52,4.168887457467463e-14
10,32,mature lower,16,83,5.1875,67,1.4,15.7,11.214285714285715,14.299999999999999,9.225953334635051e-14
10,33,mature lower,16,83,5.1875,67,1.42,16.9,11.901408450704224,15.479999999999999,8.315570454442422e-14
10,34,mature lower,17,83,4.882352941176471,66,1.5,15.6,10.4,14.1,1.1657341758564144e-13
10,35,mature lower,17,83,4.882352941176471,66,1.47,16.2,11.020408163265305,14.729999999999999,8.570921750106208e-14
10,36,mature lower,17,83,4.882352941176471,66,1.49,15.899999999999999,10.671140939597315,14.409999999999998,1.0911410663894117e-13
10,37,mature lower,16,83,5.1875,67,1.47,15.899999999999999,10.816326530612244,14.429999999999998,1.3875706139643285e-13
10,38,mature lower,16,83,5.1875,67,1.49,16.099999999999998,10.805369127516776,14.609999999999998,4.973799150320701e-14
10,39,mature lower,17,83,4.882352941176471,66,1.5799999999999998,15.799999999999999,10.0,14.219999999999999,1.198138810387661e-13
10,40,mature lower,18,82,4.555555555555555,64,1.68,16.0,9.523809523809524,14.32,6.92085277975707e-14
10,41,mature lower,19,82,4.315789473684211,63,1.7,16.0,9.411764705882353,14.3,9.960782199058826e-14
10,42,second lower,17,82,4.823529411764706,65,1.52,16.3,10.723684210526317,14.780000000000001,1.2195799925507345e-13
10,43,first lower,88,82,0.9318181818181818,-6,8.31,16.0,1.9253910950661852,7.6899999999999995,7.702172233337023e-14
10,44,center seed,115,95,0.8260869565217391,-20,10.0,19.3,1.9300000000000002,9.3,8.689576835863022e-14
10,45,first upper,88,82,0.9318181818181818,-6,8.28,16.2,1.9565217391304348,7.92,6.199901703141109e-14
10,46,second upper,17,82,4.823529411764706,65,1.52,15.7,10.328947368421051,14.18,1.8385293287792592e-13
10,47,mature upper,19,82,4.315789473684211,63,1.7,15.7,9.235294117647058,14.0,1.5748513604307846e-13
10,48,mature upper,18,82,4.555555555555555,64,1.68,16.5,9.821428571428571,14.82,1.2390782844207138e-13
10,49,mature upper,17,83,4.882352941176471,66,1.5799999999999998,15.799999999999999,10.0,14.219999999999999,7.222694664577034e-14
10,50,mature upper,16,83,5.1875,67,1.49,15.7,10.536912751677852,14.209999999999999,5.277028813921447e-14
10,51,mature upper,16,83,5.1875,67,1.47,16.0,10.884353741496598,14.53,1.000310945187266e-13
10,52,mature upper,17,83,4.882352941176471,66,1.49,15.799999999999999,10.604026845637582,14.309999999999999,9.492406860545088e-14
10,53,mature upper,17,83,4.882352941176471,66,1.47,16.099999999999998,10.95238095238095,14.629999999999997,1.042499420123022e-13
10,54,mature upper,17,83,4.882352941176471,66,1.49,16.3,10.939597315436242,14.81,8.22675261247241e-14
10,55,mature upper,16,83,5.1875,67,1.42,15.799999999999999,11.126760563380282,14.379999999999999,8.104628079763643e-14
10,56,mature upper,16,83,5.1875,67,1.4,16.099999999999998,11.5,14.699999999999998,1.3944401189291966e-13
10,57,mature upper,16,83,5.1875,67,1.49,15.7,10.536912751677852,14.209999999999999,3.698430450782553e-14
10,58,mature upper,16,83,5.1875,67,1.49,15.299999999999999,10.268456375838925,13.809999999999999,6.349087922075114e-14
10,59,mature upper,16,83,5.1875,67,1.44,16.099999999999998,11.180555555555555,14.659999999999998,4.4297898682543746e-14
10,60,mature upper,15,83,5.533333333333333,68,1.3699999999999999,16.5,12.043795620437956,15.13,9.547918011776346e-14
10,61,mature upper,15,83,5.533333333333333,68,1.3299999999999998,16.2,12.18045112781955,14.87,8.482103908136196e-14
10,62,mature upper,17,83,4.882352941176471,66,1.5599999999999998,15.5,9.935897435897436,13.94,3.630429290524262e-14
10,63,mature upper,17,83,4.882352941176471,66,1.5799999999999998,16.7,10.569620253164558,15.12,2.5798807534727075e-14
10,64,mature upper,16,83,5.1875,67,1.49,15.799999999999999,10.604026845637582,14.309999999999999,6.350475700855895e-14
10,65,mature upper,15,83,5.533333333333333,68,1.42,15.5,10.91549295774648,14.08,5.678096881567285e-14
10,66,mature upper,15,83,5.533333333333333,68,1.4,16.4,11.714285714285714,14.999999999999998,6.611378111642807e-14
10,67,mature upper,17,83,4.882352941176471,66,1.49,15.6,10.46979865771812,14.11,7.915890165577366e-14
10,68,mature upper,17,83,4.882352941176471,66,1.51,15.799999999999999,10.463576158940397,14.29,8.149037000748649e-14
10,69,mature upper,16,83,5.1875,67,1.51,15.7,10.397350993377483,14.19,9.732492589620279e-14
10,70,mature upper,15,83,5.533333333333333,68,1.42,16.5,11.619718309859156,15.08,7.304573612643139e-14
10,71,mature upper,15,83,5.533333333333333,68,1.38,15.7,11.376811594202898,14.32,8.892886427247504e-14
10,72,mature upper,17,83,4.882352941176471,66,1.49,16.2,10.872483221476509,14.709999999999999,9.481304630298837e-14
10,73,mature upper,17,83,4.882352941176471,66,1.5499999999999998,15.5,10.000000000000002,13.95,7.016609515630989e-14
10,74,mature upper,16,83,5.1875,67,1.51,16.7,11.059602649006623,15.19,1.1288192602876279e-13
10,75,mature upper,15,83,5.533333333333333,68,1.42,15.799999999999999,11.126760563380282,14.379999999999999,9.037215420448774e-14
10,76,mature upper,15,83,5.533333333333333,68,1.4,15.6,11.142857142857144,14.2,8.060219158778636e-14
10,77,mature upper,16,83,5.1875,67,1.44,16.4,11.388888888888888,14.959999999999999,6.183942247162122e-14
10,78,mature upper,17,83,4.882352941176471,66,1.53,15.399999999999999,10.065359477124183,13.87,5.037636974236648e-14
10,79,mature upper,16,83,5.1875,67,1.48,16.3,11.013513513513514,14.82,1.4299672557172016e-13
10,80,mature upper,16,83,5.1875,67,1.49,16.2,10.872483221476509,14.709999999999999,3.2529534621517087e-14
10,81,mature upper,16,83,5.1875,67,1.44,16.5,11.458333333333334,15.06,1.488809076022335e-13
10,82,mature upper,16,83,5.1875,67,1.44,15.399999999999999,10.694444444444445,13.959999999999999,1.3972156764907595e-13
10,83,mature upper,17,83,4.882352941176471,66,1.54,15.7,10.194805194805195,14.16,8.981704269217516e-14
10,84,mature upper,16,83,5.1875,67,1.46,16.8,11.506849315068495,15.34,8.071321389024888e-14
10,85,mature upper,16,83,5.1875,67,1.51,15.7,10.397350993377483,14.19,9.703349235223868e-14
10,86,mature upper,16,83,5.1875,67,1.48,16.599999999999998,11.216216216216216,15.119999999999997,3.7012060083441156e-14
10,87,mature upper,15,83,5.533333333333333,68,1.4,15.5,11.071428571428573,14.1,1.0269562977782698e-13
10,88,mature upper,17,83,4.882352941176471,66,1.53,16.5,10.784313725490195,14.97,5.465766728107724e-14
11,0,mature lower,17,84,4.9411764705882355,67,1.5499999999999998,16.4,10.580645161290322,14.849999999999998,5.8938964819788e-14
11,1,mature lower,17,84,4.9411764705882355,67,1.5499999999999998,17.0,10.967741935483872,15.45,5.867528685143952e-14
11,2,mature lower,16,84,5.25,68,1.46,16.099999999999998,11.027397260273972,14.639999999999997,9.525713551283843e-14
11,3,mature lower,15,84,5.6,69,1.4,16.7,11.928571428571429,15.299999999999999,8.437001097760799e-14
11,4,mature lower,16,84,5.25,68,1.46,16.8,11.506849315068495,15.34,8.609085666577698e-14
11,5,mature lower,17,84,4.9411764705882355,67,1.5499999999999998,16.5,10.645161290322582,14.95,6.280392872426432e-14
11,6,mature lower,17,84,4.9411764705882355,67,1.5499999999999998,17.0,10.967741935483872,15.45,5.928590951498336e-14
11,7,mature lower,17,84,4.9411764705882355,67,1.49,17.099999999999998,11.476510067114093,15.609999999999998,1.4066525722000733e-13
11,8,mature lower,16,84,5.25,68,1.44,17.2,11.944444444444445,15.76,5.503236755188823e-14
11,9,mature lower,16,84,5.25,68,1.47,17.5,11.904761904761905,16.03,1.2667644710973036e-13
11,10,mature lower,16,84,5.25,68,1.44,16.7,11.597222222222221,15.26,5.879324804780595e-14
11,11,mature lower,17,84,4.9411764705882355,67,1.51,16.8,11.125827814569536,15.290000000000001,4.296563105299356e-14
11,12,mature lower,16,84,5.25,68,1.48,16.7,11.283783783783784,15.219999999999999,1.3739009929736312e-13
11,13,mature lower,16,84,5.25,68,1.49,16.3,10.939597315436242,14.81,9.29256671611256e-14
11,14,mature lower,17,84,4.9411764705882355,67,1.5499999999999998,16.2,10.451612903225808,14.649999999999999,7.244899125069537e-14
11,15,mature lower,16,84,5.25,68,1.48,16.5,11.14864864864865,15.02,8.328060463469455e-14
11,16,mature lower,17,84,4.9411764705882355,67,1.46,16.599999999999998,11.369863013698629,15.139999999999997,5.540012892879531e-14
11,17,mature lower,16,84,5.25,68,1.44,16.5,11.458333333333334,15.06,1.199040866595169e-13
11,18,mature lower,16,84,5.25,68,1.46,17.7,12.123287671232877,16.24,4.785061236134425e-14
11,19,mature lower,17,84,4.9411764705882355,67,1.51,17.599999999999998,11.655629139072847,16.089999999999996,1.0114131754335176e-13
11,20,mature lower,16,84,5.25,68,1.46,15.899999999999999,10.89041095890411,14.439999999999998,4.9960036108132044e-14
11,21,mature lower,17,84,4.9411764705882355,67,1.51,17.2,11.390728476821192,15.69,5.895284260759581e-14
11,22,mature lower,16,84,5.25,68,1.46,16.099999999999998,11.027397260273972,14.639999999999997,1.249000902703301e-13
11,23,mature lower,16,84,5.25,68,1.46,17.2,11.780821917808218,15.739999999999998,5.395683899678261e-14
11,24,mature lower,16,84,5.25,68,1.5,15.899999999999999,10.6,14.399999999999999,6.639827576648827e-14
11,25,mature lower,15,84,5.6,69,1.42,17.0,11.971830985915494,15.58,7.993605777301127e-14
11,26,mature lower,16,84,5.25,68,1.44,16.2,11.25,14.76,4.785061236134425e-14
11,27,mature lower,17,84,4.9411764705882355,67,1.51,18.5,12.251655629139073,16.99,7.038813976123492e-14
11,28,mature lower,17,84,4.9411764705882355,67,1.51,15.799999999999999,10.463576158940397,14.29,9.880984919163893e-14
11,29,mature lower,16,84,5.25,68,1.51,17.099999999999998,11.324503311258276,15.589999999999998,2.55351295663786e-14
11,30,mature lower,16,84,5.25,68,1.46,16.7,11.438356164383562,15.239999999999998,8.675005158664817e-14
11,31,mature lower,15,84,5.6,69,1.41,16.5,11.702127659574469,15.09,7.681355551625302e-14
11,32,mature lower,15,84,5.6,69,1.38,16.9,12.246376811594203,15.52,1.5731860258938468e-13
11,33,mature lower,16,84,5.25,68,1.44,16.3,11.319444444444445,14.860000000000001,5.4969917506753063e-14
11,34,mature lower,17,84,4.9411764705882355,67,1.51,16.7,11.059602649006623,15.19,1.2208983823924768e-13
11,35,mature lower,16,84,5.25,68,1.49,16.9,11.34228187919463,15.409999999999998,1.0585282650410477e-13
11,36,mature lower,16,84,5.25,68,1.46,16.099999999999998,11.027397260273972,14.639999999999997,8.337774914934926e-14
11,37,mature lower,16,84,5.25,68,1.47,16.8,11.428571428571429,15.33,7.926992395823618e-14
11,38,mature lower,16,84,5.25,68,1.51,16.0,10.596026490066226,14.49,1.0293849106446373e-13
11,39,mature lower,19,84,4.421052631578948,65,1.7,16.4,9.647058823529411,14.7,1.16830156660086e-13
11,40,mature lower,19,84,4.421052631578948,65,1.74,16.8,9.655172413793103,15.06,9.343914531001474e-14
11,41,mature lower,16,84,5.25,68,1.44,17.0,11.805555555555555,15.56,1.1428358259735205e-13
11,42,second lower,8,84,10.5,76,0.9279999999999999,16.5,17.780172413793103,15.572,8.672923490493645e-14
11,43,first lower,94,84,0.8936170212765957,-10,8.78,15.899999999999999,1.8109339407744875,7.119999999999999,9.543754675434002e-14
11,44,center seed,114,94,0.8245614035087719,-20,9.95,18.5,1.8592964824120604,8.55,5.6413207438765767e-14
11,45,first upper,94,84,0.8936170212765957,-10,8.76,16.9,1.9292237442922373,8.139999999999999,6.175615574477433e-14
11,46,second upper,8,84,10.5,76,0.9289999999999999,16.4,17.65339074273412,15.470999999999998,1.5553530685608052e-13
11,47,mature upper,16,84,5.25,68,1.44,16.599999999999998,11.527777777777777,15.159999999999998,1.2730788645498592e-13
11,48,mature upper,19,84,4.421052631578948,65,1.74,16.7,9.597701149425287,14.959999999999999,1.3518353103592062e-13
11,49,mature upper,19,84,4.421052631578948,65,1.7,16.9,9.941176470588236,15.2,9.825473767932635e-14
11,50,mature upper,16,84,5.25,68,1.51,16.9,11.19205298013245,15.389999999999999,1.2506662372402388e-13
11,51,mature upper,16,84,5.25,68,1.47,16.7,11.360544217687075,15.229999999999999,9.729023142668325e-14
11,52,mature upper,16,84,5.25,68,1.46,17.3,11.849315068493151,15.84,9.529876887626187e-14
11,53,mature upper,16,84,5.25,68,1.49,16.599999999999998,11.140939597315436,15.109999999999998,1.1185496973098452e-13
11,54,mature upper,17,84,4.9411764705882355,67,1.51,16.7,11.059602649006623,15.19,1.4199752484955752e-13
11,55,mature upper,16,84,5.25,68,1.44,16.4,11.388888888888888,14.959999999999999,1.191269305422793e-13
11,56,mature upper,15,84,5.6,69,1.38,16.9,12.246376811594203,15.52,1.5601409053545012e-13
11,57,mature upper,15,84,5.6,69,1.41,16.9,11.98581560283688,15.489999999999998,2.0261570199409107e-14
11,58,mature upper,16,84,5.25,68,1.45,16.3,11.24137931034483,14.850000000000001,6.050021594816712e-14
11,59,mature upper,16,84,5.25,68,1.51,17.0,11.258278145695364,15.49,1.217290157562445e-13
11,60,mature upper,17,84,4.9411764705882355,67,1.51,16.2,10.728476821192052,14.69,6.952771691715043e-14
11,61,mature upper,17,84,4.9411764705882355,67,1.51,16.7,11.059602649006623,15.19,9.658940314238862e-14
11,62,mature upper,16,84,5.25,68,1.44,16.2,11.25,14.76,1.1263906474212604e-13
11,63,mature upper,15,84,5.6,69,1.42,16.599999999999998,11.690140845070422,15.179999999999998,8.026912468039882e-14
11,64,mature upper,16,84,5.25,68,1.5,16.9,11.266666666666666,15.399999999999999,7.827072323607354e-14
11,65,mature upper,16,84,5.25,68,1.46,16.099999999999998,11.027397260273972,14.639999999999997,9.477835183346883e-14
11,66,mature upper,16,84,5.25,68,1.46,17.0,11.643835616438356,15.54,8.118505867571457e-14
11,67,mature upper,17,84,4.9411764705882355,67,1.51,16.4,10.86092715231788,14.889999999999999,6.943751129639963e-14
11,68,mature upper,16,84,5.25,68,1.46,16.8,11.506849315068495,15.34,8.607003998406526e-14
11,69,mature upper,17,84,4.9411764705882355,67,1.51,17.0,11.258278145695364,15.49,1.1168843627729075e-13
11,70,mature upper,16,84,5.25,68,1.46,16.9,11.575342465753424,15.439999999999998,9.921924393196946e-14
11,71,mature upper,16,84,5.25,68,1.44,16.5,11.458333333333334,15.06,1.519548376016644e-13
11,72,mature upper,17,84,4.9411764705882355,67,1.46,16.8,11.506849315068495,15.34,9.726941474497153e-14
11,73,mature upper,16,84,5.25,68,1.48,17.0,11.486486486486486,15.52,5.895284260759581e-14
11,74,mature upper,17,84,4.9411764705882355,67,1.5499999999999998,17.099999999999998,11.032258064516128,15.549999999999997,6.772360450213455e-14
11,75,mature upper,16,84,5.25,68,1.49,17.099999999999998,11.476510067114093,15.609999999999998,3.5860203695392556e-14
11,76,mature upper,16,84,5.25,68,1.48,17.0,11.486486486486486,15.52,8.581330090962069e-14
11,77,mature upper,17,84,4.9411764705882355,67,1.51,16.8,11.125827814569536,15.290000000000001,1.0082906731767594e-13
11,78,mature upper,16,84,5.25,68,1.44,17.2,11.944444444444445,15.76,4.951594689828198e-14
11,79,mature upper,16,84,5.25,68,1.47,16.3,11.088435374149661,14.83,8.185813138439357e-14
11,80,mature upper,16,84,5.25,68,1.44,17.0,11.805555555555555,15.56,7.072120666862247e-14
11,81,mature upper,17,84,4.9411764705882355,67,1.49,16.3,10.939597315436242,14.81,7.032568971609976e-14
11,82,mature upper,17,84,4.9411764705882355,67,1.51,17.4,11.52317880794702,15.889999999999999,6.237371730222208e-14
11,83,mature upper,16,84,5.25,68,1.44,16.2,11.25,14.76,8.548717289613705e-14
11,84,mature upper,16,84,5.25,68,1.42,17.099999999999998,12.04225352112676,15.679999999999998,9.048317650695026e-14
11,85,mature upper,15,84,5.6,69,1.38,16.4,11.884057971014492,15.02,9.518080767989545e-14
11,86,mature upper,16,84,5.25,68,1.42,17.2,12.112676056338028,15.78,8.915090887740007e-14
11,87,mature upper,17,84,4.9411764705882355,67,1.5999999999999999,16.3,10.187500000000002,14.700000000000001,3.2307490016592055e-14
11,88,mature upper,16,84,5.25,68,1.49,17.2,11.543624161073826,15.709999999999999,6.476069680516616e-14
12,0,mature lower,16,84,5.25,68,1.48,16.9,11.418918918918918,15.419999999999998,8.039402477066915e-14
12,1,mature lower,15,84,5.6,69,1.44,16.7,11.597222222222221,15.26,8.903988657493755e-14
12,2,mature lower,16,84,5.25,68,1.48,16.4,11.08108108108108,14.919999999999998,9.08162434143378e-14
12,3,mature lower,17,84,4.9411764705882355,67,1.48,17.099999999999998,11.554054054054053,15.619999999999997,1.0613732115416497e-13
12,4,mature lower,16,84,5.25,68,1.49,16.5,11.073825503355705,15.01,1.0502709812953981e-13
12,5,mature lower,17,84,4.9411764705882355,67,1.5499999999999998,16.2,10.451612903225808,14.649999999999999,8.018585795355193e-14
12,6,mature lower,16,84,5.25,68,1.46,15.7,10.753424657534246,14.239999999999998,1.0058620603103918e-13
12,7,mature lower,15,84,5.6,69,1.44,16.5,11.458333333333334,15.06,1.2655154701946003e-13
12,8,mature lower,16,84,5.25,68,1.46,16.599999999999998,11.369863013698629,15.139999999999997,8.65835181329544e-14
12,9,mature lower,16,84,5.25,68,1.49,16.599999999999998,11.140939597315436,15.109999999999998,7.605027718682322e-14
12,10,mature lower,15,84,5.6,69,1.46,16.7,11.438356164383562,15.239999999999998,1.455363607405502e-13
12,11,mature lower,17,84,4.9411764705882355,67,1.51,16.3,10.794701986754967,14.790000000000001,9.348077867343818e-14
12,12,mature lower,16,84,5.25,68,1.46,17.099999999999998,11.712328767123287,15.639999999999997,1.2813361482955088e-13
12,13,mature lower,17,84,4.9411764705882355,67,1.51,16.4,10.86092715231788,14.889999999999999,6.196432256189155e-14
12,14,mature lower,16,84,5.25,68,1.49,15.899999999999999,10.671140939597315,14.409999999999998,7.523148770616217e-14
12,15,mature lower,16,84,5.25,68,1.51,16.0,10.596026490066226,14.49,1.2338741139927834e-13
12,16,mature lower,16,84,5.25,68,1.48,16.5,11.14864864864865,15.02,7.838174553853605e-14
12,17,mature lower,15,84,5.6,69,1.4,16.3,11.642857142857144,14.9,7.81458231458032e-14
12,18,mature lower,15,84,5.6,69,1.42,17.3,12.183098591549298,15.88,1.0519363158323358e-13
12,19,mature lower,17,84,4.9411764705882355,67,1.51,17.7,11.72185430463576,16.189999999999998,3.68594044175552e-14
12,20,mature lower,16,84,5.25,68,1.53,16.8,10.980392156862745,15.270000000000001,4.651834473179406e-14
12,21,mature lower,17,84,4.9411764705882355,67,1.51,16.2,10.728476821192052,14.69,7.580047700628256e-14
12,22,mature lower,15,84,5.6,69,1.4,16.8,12.000000000000002,15.4,8.681944052568724e-14
12,23,mature lower,16,84,5.25,68,1.5,16.8,11.200000000000001,15.3,8.809619700400617e-14
12,24,mature lower,16,84,5.25,68,1.49,16.599999999999998,11.140939597315436,15.109999999999998,8.684719610130287e-14
12,25,mature lower,17,84,4.9411764705882355,67,1.5999999999999999,17.0,10.625,15.4,3.397282455352979e-14
12,26,mature lower,17,84,4.9411764705882355,67,1.49,17.4,11.677852348993287,15.909999999999998,6.639133687258436e-14
12,27,mature lower,15,84,5.6,69,1.44,17.0,11.805555555555555,15.56,1.2612133559741778e-13
12,28,mature lower,15,84,5.6,69,1.44,16.7,11.597222222222221,15.26,1.3759826611448034e-13
12,29,mature lower,16,84,5.25,68,1.46,16.599999999999998,11.369863013698629,15.139999999999997,8.426592756904938e-14
12,30,mature lower,16,84,5.25,68,1.51,16.599999999999998,10.993377483443707,15.089999999999998,6.927791673660977e-14
12,31,mature lower,17,84,4.9411764705882355,67,1.51,17.099999999999998,11.324503311258276,15.589999999999998,7.793765632868599e-14
12,32,mature lower,15,84,5.6,69,1.42,17.2,12.112676056338028,15.78,1.3039569424222464e-13
12,33,mature lower,16,84,5.25,68,1.49,16.599999999999998,11.140939597315436,15.109999999999998,9.869882688917642e-14
12,34,mature lower,16,84,5.25,68,1.49,16.2,10.872483221476509,14.709999999999999,6.328271240363392e-14
12,35,mature lower,16,84,5.25,68,1.5,17.4,11.6,15.899999999999999,8.672229601103254e-14
12,36,mature lower,16,84,5.25,68,1.49,16.5,11.073825503355705,15.01,6.084022174945858e-14
12,37,mature lower,16,84,5.25,68,1.46,16.5,11.301369863013699,15.04,1.389999226830696e-13
12,38,mature lower,17,84,4.9411764705882355,67,1.5599999999999998,16.4,10.512820512820513,14.839999999999998,8.215650382226158e-14
12,39,mature lower,18,84,4.666666666666667,66,1.63,15.799999999999999,9.69325153374233,14.169999999999998,1.1235457009206584e-13
12,40,mature lower,18,84,4.666666666666667,66,1.67,15.899999999999999,9.520958083832335,14.229999999999999,1.160599394367523e-13
12,41,mature lower,16,84,5.25,68,1.46,16.9,11.575342465753424,15.439999999999998,5.0112691774018003e-14
12,42,second lower,7,84,12.0,77,0.89,17.4,19.550561797752806,16.509999999999998,1.491862189340054e-13
12,43,first lower,94,84,0.8936170212765957,-10,8.78,16.7,1.9020501138952164,7.92,8.502920589847918e-14
12,44,center seed,113,94,0.831858407079646,-19,9.9,18.7,1.8888888888888888,8.799999999999999,8.718026300869042e-14
12,45,first upper,94,84,0.8936170212765957,-10,8.76,16.7,1.9063926940639269,7.9399999999999995,8.085199176832703e-14
12,46,second upper,7,84,12.0,77,0.889,16.5,18.560179977502813,15.611,1.0884348977668878e-13
12,47,mature upper,16,84,5.25,68,1.46,16.8,11.506849315068495,15.34,9.584000260076664e-14
12,48,mature upper,18,84,4.666666666666667,66,1.67,16.599999999999998,9.94011976047904,14.929999999999998,6.88338275267597e-14
12,49,mature upper,18,84,4.666666666666667,66,1.63,16.5,10.122699386503069,14.870000000000001,5.69266855876549e-14
12,50,mature upper,17,84,4.9411764705882355,67,1.5599999999999998,17.0,10.897435897435898,15.44,7.893685705084863e-14
12,51,mature upper,16,84,5.25,68,1.46,15.899999999999999,10.89041095890411,14.439999999999998,1.1823875212257917e-13
12,52,mature upper,16,84,5.25,68,1.49,16.8,11.275167785234899,15.31,6.206146707654625e-14
12,53,mature upper,16,84,5.25,68,1.5,16.599999999999998,11.066666666666665,15.099999999999998,4.2896242113954486e-14
12,54,mature upper,16,84,5.25,68,1.49,17.0,11.409395973154362,15.51,7.034650639781148e-14
12,55,mature upper,16,84,5.25,68,1.48,16.599999999999998,11.216216216216216,15.119999999999997,5.1736392947532295e-14
12,56,mature upper,15,84,5.6,69,1.42,15.6,10.985915492957746,14.18,9.110767695830191e-14
12,57,mature upper,17,84,4.9411764705882355,67,1.51,16.2,10.728476821192052,14.69,6.38378239159465e-14
12,58,mature upper,16,84,5.25,68,1.51,16.8,11.125827814569536,15.290000000000001,6.794564910705958e-14
12,59,mature upper,16,84,5.25,68,1.46,15.899999999999999,10.89041095890411,14.439999999999998,8.393286066166183e-14
12,60,mature upper,15,84,5.6,69,1.44,16.7,11.597222222222221,15.26,1.0014211682118912e-13
12,61,mature upper,15,84,5.6,69,1.44,16.099999999999998,11.180555555555555,14.659999999999998,9.29256671611256e-14
12,62,mature upper,17,84,4.9411764705882355,67,1.48,16.3,11.013513513513514,14.82,1.0624834345662748e-13
12,63,mature upper,17,84,4.9411764705882355,67,1.5999999999999999,16.7,10.4375,15.1,3.107236690169657e-14
12,64,mature upper,16,84,5.25,68,1.49,15.899999999999999,10.671140939597315,14.409999999999998,7.678579994063739e-14
12,65,mature upper,16,84,5.25,68,1.5,16.8,11.200000000000001,15.3,1.1909917496666367e-13
12,66,mature upper,15,84,5.6,69,1.4,16.7,11.928571428571429,15.299999999999999,9.425793479067579e-14
12,67,mature upper,17,84,4.9411764705882355,67,1.51,16.4,10.86092715231788,14.889999999999999,7.549516567451064e-14
12,68,mature upper,16,84,5.25,68,1.53,17.099999999999998,11.176470588235292,15.569999999999999,1.8540724511240114e-14
12,69,mature upper,17,84,4.9411764705882355,67,1.51,16.599999999999998,10.993377483443707,15.089999999999998,9.492406860545088e-14
12,70,mature upper,15,84,5.6,69,1.42,16.9,11.901408450704224,15.479999999999999,8.498757253505573e-14
12,71,mature upper,15,84,5.6,69,1.4,16.2,11.571428571428571,14.799999999999999,1.191269305422793e-13
12,72,mature upper,17,84,4.9411764705882355,67,1.52,16.9,11.118421052631579,15.379999999999999,7.815970093361102e-14
12,73,mature upper,16,84,5.25,68,1.47,17.2,11.700680272108844,15.729999999999999,7.760458942129844e-14
12,74,mature upper,16,84,5.25,68,1.51,16.2,10.728476821192052,14.69,7.106815136381783e-14
12,75,mature upper,17,84,4.9411764705882355,67,1.53,16.4,10.718954248366012,14.87,1.0957901253050295e-13
12,76,mature upper,16,84,5.25,68,1.48,16.0,10.81081081081081,14.52,1.6284196213689484e-13
12,77,mature upper,17,84,4.9411764705882355,67,1.53,16.9,11.045751633986926,15.37,6.772360450213455e-14
12,78,mature upper,16,84,5.25,68,1.46,17.2,11.780821917808218,15.739999999999998,7.327471962526033e-14
12,79,mature upper,16,84,5.25,68,1.48,16.2,10.945945945945946,14.719999999999999,9.103828801926284e-14
12,80,mature upper,16,84,5.25,68,1.48,16.0,10.81081081081081,14.52,4.518607710224387e-14
12,81,mature upper,15,84,5.6,69,1.42,16.5,11.619718309859156,15.08,6.890321646579878e-14
12,82,mature upper,17,84,4.9411764705882355,67,1.51,16.099999999999998,10.662251655629138,14.589999999999998,5.3290705182007514e-14
12,83,mature upper,16,84,5.25,68,1.49,16.5,11.073825503355705,15.01,8.504308368628699e-14
12,84,mature upper,17,84,4.9411764705882355,67,1.5799999999999998,16.599999999999998,10.50632911392405,15.019999999999998,5.10702591327572e-14
12,85,mature upper,16,84,5.25,68,1.49,16.3,10.939597315436242,14.81,7.353839759360881e-14
12,86,mature upper,15,84,5.6,69,1.4,17.099999999999998,12.214285714285714,15.699999999999998,7.216449660063518e-14
12,87,mature upper,17,84,4.9411764705882355,67,1.53,16.099999999999998,10.522875816993462,14.569999999999999,5.4942161931137434e-14
12,88,mature upper,16,84,5.25,68,1.46,17.099999999999998,11.712328767123287,15.639999999999997,1.092459456231154e-13
13,0,mature lower,15,84,5.6,69,1.3699999999999999,17.099999999999998,12.481751824817518,15.729999999999999,8.337774914934926e-14
13,1,mature lower,15,84,5.6,69,1.44,17.099999999999998,11.874999999999998,15.659999999999998,1.1911305275447148e-13
13,2,mature lower,16,84,5.25,68,1.49,16.9,11.34228187919463,15.409999999999998,1.1358969320696133e-13
13,3,mature lower,16,84,5.25,68,1.51,17.2,11.390728476821192,15.69,5.98965321785272e-14
13,4,mature lower,17,84,4.9411764705882355,67,1.5599999999999998,18.0,11.53846153846154,16.44,7.049916206369744e-14
13,5,mature lower,16,84,5.25,68,1.48,17.099999999999998,11.554054054054053,15.619999999999997,4.807265696626928e-14
13,6,mature lower,16,84,5.25,68,1.48,15.7,10.608108108108107,14.219999999999999,6.961098364399732e-14
13,7,mature lower,15,84,5.6,69,1.44,17.3,12.01388888888889,15.860000000000001,7.4495964952348e-14
13,8,mature lower,16,84,5.25,68,1.51,16.599999999999998,10.993377483443707,15.089999999999998,7.903400156550333e-14
13,9,mature lower,17,84,4.9411764705882355,67,1.5799999999999998,15.799999999999999,10.0,14.219999999999999,5.409561687486075e-14
13,10,mature lower,15,84,5.6,69,1.46,16.7,11.438356164383562,15.239999999999998,9.214851104388799e-14
13,11,mature lower,15,84,5.6,69,1.44,16.8,11.666666666666668,15.360000000000001,1.054989429150055e-13
13,12,mature lower,16,84,5.25,68,1.44,15.899999999999999,11.041666666666666,14.459999999999999,7.238654120556021e-14
13,13,mature lower,16,84,5.25,68,1.51,15.799999999999999,10.463576158940397,14.29,5.687117443642364e-14
13,14,mature lower,16,84,5.25,68,1.53,16.599999999999998,10.849673202614378,15.069999999999999,5.94246873930615e-14
13,15,mature lower,15,84,5.6,69,1.42,16.0,11.267605633802818,14.58,7.682743330406083e-14
13,16,mature lower,15,84,5.6,69,1.42,16.0,11.267605633802818,14.58,6.7390537594747e-14
13,17,mature lower,16,84,5.25,68,1.48,15.5,10.472972972972974,14.02,6.247780071078068e-14
13,18,mature lower,16,84,5.25,68,1.49,16.2,10.872483221476509,14.709999999999999,7.938094626069869e-14
13,19,mature lower,16,84,5.25,68,1.53,17.099999999999998,11.176470588235292,15.569999999999999,5.0959236830294685e-14
13,20,mature lower,15,84,5.6,69,1.41,16.0,11.347517730496454,14.59,8.348877145181177e-14
13,21,mature lower,15,84,5.6,69,1.39,15.799999999999999,11.366906474820144,14.409999999999998,1.0995371280131394e-13
13,22,mature lower,15,84,5.6,69,1.42,16.2,11.408450704225352,14.78,1.3178347302300608e-13
13,23,mature lower,16,84,5.25,68,1.49,15.899999999999999,10.671140939597315,14.409999999999998,9.710288129127775e-14
13,24,mature lower,17,84,4.9411764705882355,67,1.53,16.599999999999998,10.849673202614378,15.069999999999999,6.050715484207103e-14
13,25,mature lower,16,84,5.25,68,1.48,16.3,11.013513513513514,14.82,7.471800955727304e-14
13,26,mature lower,16,84,5.25,68,1.44,15.799999999999999,10.972222222222221,14.36,1.498384749609727e-13
13,27,mature lower,16,84,5.25,68,1.46,16.5,11.301369863013699,15.04,1.7286172493413687e-13
13,28,mature lower,15,84,5.6,69,1.42,16.2,11.408450704225352,14.78,5.229150445984487e-14
13,29,mature lower,16,84,5.25,68,1.5,16.7,11.133333333333333,15.2,9.869882688917642e-14
13,30,mature lower,16,84,5.25,68,1.53,16.7,10.91503267973856,15.17,5.1306181525490047e-14
13,31,mature lower,17,84,4.9411764705882355,67,1.51,15.899999999999999,10.52980132450331,14.389999999999999,1.3744561044859438e-13
13,32,mature lower,16,84,5.25,68,1.44,15.7,10.902777777777779,14.26,9.692247004977617e-14
13,33,mature lower,16,84,5.25,68,1.48,15.299999999999999,10.337837837837837,13.819999999999999,6.916689443414725e-14
13,34,mature lower,16,84,5.25,68,1.49,15.899999999999999,10.671140939597315,14.409999999999998,6.27831120425526e-14
13,35,mature lower,16,84,5.25,68,1.53,16.2,10.588235294117647,14.67,7.22893966909055e-14
13,36,mature lower,15,84,5.6,69,1.4,15.899999999999999,11.357142857142858,14.499999999999998,8.892886427247504e-14
13,37,mature lower,16,84,5.25,68,1.48,16.3,11.013513513513514,14.82,1.0985656828665924e-13
13,38,mature lower,17,84,4.9411764705882355,67,1.5599999999999998,16.0,10.256410256410257,14.44,4.897471317377722e-14
13,39,mature lower,17,84,4.9411764705882355,67,1.5599999999999998,15.799999999999999,10.128205128205128,14.239999999999998,9.103828801926284e-14
13,40,mature lower,17,84,4.9411764705882355,67,1.66,17.2,10.361445783132531,15.54,1.0287604101932857e-13
13,41,mature lower,16,84,5.25,68,1.48,16.599999999999998,11.216216216216216,15.119999999999997,8.497369474724792e-14
13,42,second lower,8,84,10.5,76,0.9289999999999999,16.5,17.76103336921421,15.571,1.4108159085424177e-13
13,43,first lower,94,84,0.8936170212765957,-10,8.79,16.9,1.9226393629124006,8.11,5.322131624296844e-14
13,44,center seed,112,93,0.8303571428571429,-19,9.799999999999999,18.8,1.9183673469387759,9.000000000000002,4.41591208044656e-14
13,45,first upper,94,84,0.8936170212765957,-10,8.76,16.5,1.8835616438356164,7.74,9.203748874142548e-14
13,46,second upper,8,84,10.5,76,0.9299999999999999,16.9,18.172043010752688,15.969999999999999,6.09512440519211e-14
13,47,mature upper,16,84,5.25,68,1.49,17.5,11.74496644295302,16.01,8.708311849403572e-14
13,48,mature upper,17,84,4.9411764705882355,67,1.66,17.0,10.240963855421688,15.34,1.093430901377701e-13
13,49,mature upper,17,84,4.9411764705882355,67,1.5599999999999998,17.099999999999998,10.961538461538462,15.539999999999997,9.149625501692071e-14
13,50,mature upper,17,84,4.9411764705882355,67,1.5599999999999998,16.7,10.705128205128206,15.139999999999999,3.863576125695545e-14
13,51,mature upper,16,84,5.25,68,1.49,16.8,11.275167785234899,15.31,5.651035195342047e-14
13,52,mature upper,15,84,5.6,69,1.4,17.099999999999998,12.214285714285714,15.699999999999998,9.581224702515101e-14
13,53,mature upper,16,84,5.25,68,1.52,16.7,10.986842105263158,15.18,1.2381762282132058e-13
13,54,mature upper,16,84,5.25,68,1.48,16.8,11.351351351351353,15.32,8.415490526658687e-14
13,55,mature upper,16,84,5.25,68,1.48,16.0,10.81081081081081,14.52,4.579669976578771e-14
13,56,mature upper,16,84,5.25,68,1.44,17.099999999999998,11.874999999999998,15.659999999999998,7.849276784099857e-14
13,57,mature upper,17,84,4.9411764705882355,67,1.51,17.2,11.390728476821192,15.69,7.882583474838611e-14
13,58,mature upper,16,84,5.25,68,1.53,16.3,10.65359477124183,14.770000000000001,4.6629367034256575e-14
13,59,mature upper,16,84,5.25,68,1.5,16.8,11.200000000000001,15.3,5.0182080713057076e-14
13,60,mature upper,15,84,5.6,69,1.42,16.8,11.830985915492958,15.38,8.24618151540335e-14
13,61,mature upper,16,84,5.25,68,1.46,17.099999999999998,11.712328767123287,15.639999999999997,6.521172490892013e-14
13,62,mature upper,16,84,5.25,68,1.44,16.7,11.597222222222221,15.26,1.1952938638870592e-13
13,63,mature upper,16,84,5.25,68,1.48,16.8,11.351351351351353,15.32,7.37188088351104e-14
13,64,mature upper,17,84,4.9411764705882355,67,1.53,16.9,11.045751633986926,15.37,8.509859483751825e-14
13,65,mature upper,16,84,5.25,68,1.48,17.2,11.621621621621621,15.719999999999999,6.23945339839338e-14
13,66,mature upper,15,84,5.6,69,1.42,16.9,11.901408450704224,15.479999999999999,6.275535646693697e-14
13,67,mature upper,15,84,5.6,69,1.39,16.5,11.870503597122303,15.11,7.953360192658465e-14
13,68,mature upper,15,84,5.6,69,1.41,17.3,12.269503546099292,15.89,9.751921492551219e-14
13,69,mature upper,16,84,5.25,68,1.53,16.9,11.045751633986926,15.37,3.592959263443163e-14
13,70,mature upper,16,84,5.25,68,1.49,17.2,11.543624161073826,15.709999999999999,1.1812772982011666e-13
13,71,mature upper,16,84,5.25,68,1.49,16.9,11.34228187919463,15.409999999999998,1.184607967275042e-13
13,72,mature upper,15,84,5.6,69,1.42,17.0,11.971830985915494,15.58,1.3844481117075702e-13
13,73,mature upper,15,84,5.6,69,1.42,16.2,11.408450704225352,14.78,7.682743330406083e-14
13,74,mature upper,17,84,4.9411764705882355,67,1.5799999999999998,16.9,10.69620253164557,15.319999999999999,9.621470287157763e-14
13,75,mature upper,16,84,5.25,68,1.49,16.7,11.208053691275168,15.209999999999999,8.211487045883814e-14
13,76,mature upper,16,84,5.25,68,1.44,16.4,11.388888888888888,14.959999999999999,1.0347278589506459e-13
13,77,mature upper,15,84,5.6,69,1.44,17.0,11.805555555555555,15.56,8.493206138382448e-14
13,78,mature upper,15,84,5.6,69,1.46,16.9,11.575342465753424,15.439999999999998,1.4373224832553433e-13
13,79,mature upper,17,84,4.9411764705882355,67,1.5799999999999998,16.8,10.632911392405065,15.22,1.442873598378469e-13
13,80,mature upper,16,84,5.25,68,1.51,16.599999999999998,10.993377483443707,15.089999999999998,7.792377854087817e-14
13,81,mature upper,15,84,5.6,69,1.46,16.4,11.232876712328766,14.939999999999998,6.75848266240564e-14
13,82,mature upper,16,84,5.25,68,1.49,17.0,11.409395973154362,15.51,3.9968028886505635e-14
13,83,mature upper,16,84,5.25,68,1.49,16.4,11.006711409395972,14.909999999999998,9.006684287271582e-14
13,84,mature upper,17,84,4.9411764705882355,67,1.53,16.0,10.457516339869281,14.47,6.361577931102147e-14
13,85,mature upper,16,84,5.25,68,1.51,16.599999999999998,10.993377483443707,15.089999999999998,8.842926391139372e-14
13,86,mature upper,16,84,5.25,68,1.48,16.599999999999998,11.216216216216216,15.119999999999997,6.994405055138486e-14
13,87,mature upper,15,84,5.6,69,1.44,16.3,11.319444444444445,14.860000000000001,9.06219543850284e-14
13,88,mature upper,15,84,5.6,69,1.4,17.099999999999998,12.214285714285714,15.699999999999998,7.882583474838611e-14
14,0,mature lower,16,83,5.1875,67,1.49,16.099999999999998,10.805369127516776,14.609999999999998,3.357036870710317e-14
14,1,mature lower,17,83,4.882352941176471,66,1.5699999999999998,16.4,10.445859872611464,14.829999999999998,6.976363930988327e-14
14,2,mature lower,15,83,5.533333333333333,68,1.46,16.7,11.438356164383562,15.239999999999998,8.110179194886769e-14
14,3,mature lower,15,83,5.533333333333333,68,1.46,17.099999999999998,11.712328767123287,15.639999999999997,1.3244960683778118e-13
14,4,mature lower,15,83,5.533333333333333,68,1.42,16.0,11.267605633802818,14.58,5.473399511402022e-14
14,5,mature lower,17,83,4.882352941176471,66,1.5599999999999998,17.3,11.089743589743591,15.74,1.789401959939596e-13
14,6,mature lower,16,83,5.1875,67,1.53,15.6,10.196078431372548,14.07,6.861178292183467e-14
14,7,mature lower,16,83,5.1875,67,1.52,16.599999999999998,10.921052631578945,15.079999999999998,4.4200754167889045e-14
14,8,mature lower,15,83,5.533333333333333,68,1.44,16.099999999999998,11.180555555555555,14.659999999999998,6.306066779870889e-14
14,9,mature lower,15,83,5.533333333333333,68,1.46,16.599999999999998,11.369863013698629,15.139999999999997,5.3790305543088834e-14
14,10,mature lower,16,83,5.1875,67,1.44,17.4,12.083333333333332,15.959999999999999,1.1513012765362873e-13
14,11,mature lower,17,83,4.882352941176471,66,1.5599999999999998,16.7,10.705128205128206,15.139999999999999,2.353672812205332e-14
14,12,mature lower,16,83,5.1875,67,1.53,17.4,11.372549019607842,15.87,6.972200594645983e-14
14,13,mature lower,15,83,5.533333333333333,68,1.43,16.5,11.538461538461538,15.07,7.73686670285656e-14
14,14,mature lower,15,83,5.533333333333333,68,1.46,16.4,11.232876712328766,14.939999999999998,4.6407322429331543e-14
14,15,mature lower,15,83,5.533333333333333,68,1.45,17.099999999999998,11.793103448275861,15.649999999999999,5.2610693579424606e-14
14,16,mature lower,16,83,5.1875,67,1.51,17.8,11.788079470198676,16.29,8.570921750106208e-14
14,17,mature lower,17,83,4.882352941176471,66,1.5499999999999998,16.2,10.451612903225808,14.649999999999999,1.4166445794216997e-13
14,18,mature lower,16,83,5.1875,67,1.46,17.8,12.19178082191781,16.34,3.708144902248023e-14
14,19,mature lower,16,83,5.1875,67,1.46,18.2,12.465753424657533,16.74,1.0635936575909e-13
14,20,mature lower,16,83,5.1875,67,1.48,17.3,11.68918918918919,15.82,5.773159728050814e-14
14,21,mature lower,15,83,5.533333333333333,68,1.39,17.0,12.23021582733813,15.61,7.682743330406083e-14
14,22,mature lower,16,83,5.1875,67,1.5,17.3,11.533333333333333,15.8,3.6040614936894144e-14
14,23,mature lower,17,83,4.882352941176471,66,1.5499999999999998,16.7,10.774193548387098,15.149999999999999,9.786615962070755e-14
14,24,mature lower,16,83,5.1875,67,1.52,16.9,11.118421052631579,15.379999999999999,3.597122599785507e-14
14,25,mature lower,16,83,5.1875,67,1.46,16.5,11.301369863013699,15.04,6.972200594645983e-14
14,26,mature lower,16,83,5.1875,67,1.48,17.099999999999998,11.554054054054053,15.619999999999997,4.4700354528970365e-14
14,27,mature lower,16,83,5.1875,67,1.48,17.0,11.486486486486486,15.52,7.870093465811578e-14
14,28,mature lower,16,83,5.1875,67,1.49,17.0,11.409395973154362,15.51,4.96269692007445e-14
14,29,mature lower,17,83,4.882352941176471,66,1.5499999999999998,17.099999999999998,11.032258064516128,15.549999999999997,5.094535904248687e-14
14,30,mature lower,16,83,5.1875,67,1.45,17.099999999999998,11.793103448275861,15.649999999999999,5.156985949383852e-14
14,31,mature lower,15,83,5.533333333333333,68,1.45,16.8,11.586206896551724,15.350000000000001,3.0253577421035516e-14
14,32,mature lower,15,83,5.533333333333333,68,1.44,17.0,11.805555555555555,15.56,5.040412531798211e-14
14,33,mature lower,15,83,5.533333333333333,68,1.42,16.8,11.830985915492958,15.38,4.596323321948148e-14
14,34,mature lower,16,83,5.1875,67,1.46,16.8,11.506849315068495,15.34,6.061817714453355e-14
14,35,mature lower,16,83,5.1875,67,1.51,16.9,11.19205298013245,15.389999999999999,8.193445921733655e-14
14,36,mature lower,16,83,5.1875,67,1.5499999999999998,16.099999999999998,10.387096774193548,14.549999999999997,8.866518630412656e-14
14,37,mature lower,16,83,5.1875,67,1.51,16.0,10.596026490066226,14.49,5.0182080713057076e-14
14,38,mature lower,17,83,4.882352941176471,66,1.49,15.5,10.40268456375839,14.01,7.105427357601002e-14
14,39,mature lower,18,83,4.611111111111111,65,1.65,16.0,9.696969696969697,14.35,1.0781653347891051e-13
14,40,mature lower,18,83,4.611111111111111,65,1.69,15.899999999999999,9.408284023668639,14.209999999999999,5.435929484320923e-14
14,41,mature lower,15,83,5.533333333333333,68,1.48,16.3,11.013513513513514,14.82,9.631184738623233e-14
14,42,second lower,8,83,10.375,75,0.89,15.5,17.415730337078653,14.61,9.602041384226823e-14
14,43,first lower,94,83,0.8829787234042553,-11,8.82,15.7,1.7800453514739227,6.879999999999999,7.593925488436071e-14
14,44,center seed,110,92,0.8363636363636363,-18,9.69,18.3,1.8885448916408671,8.610000000000001,7.45931094670027e-14
14,45,first upper,94,83,0.8829787234042553,-11,8.79,17.3,1.9681456200227534,8.510000000000002,6.138145547396334e-14
14,46,second upper,8,83,10.375,75,0.889,16.599999999999998,18.6726659167604,15.710999999999999,1.0344503031944896e-13
14,47,mature upper,15,83,5.533333333333333,68,1.48,16.3,11.013513513513514,14.82,6.472600233564663e-14
14,48,mature upper,18,83,4.611111111111111,65,1.69,16.099999999999998,9.52662721893491,14.409999999999998,3.297362383136715e-14
14,49,mature upper,18,83,4.611111111111111,65,1.65,16.599999999999998,10.06060606060606,14.949999999999998,7.38159533497651e-14
14,50,mature upper,17,83,4.882352941176471,66,1.49,15.7,10.536912751677852,14.209999999999999,5.81756864903582e-14
14,51,mature upper,16,83,5.1875,67,1.51,16.0,10.596026490066226,14.49,4.9404924595819466e-14
14,52,mature upper,16,83,5.1875,67,1.5499999999999998,16.9,10.903225806451614,15.349999999999998,6.70991040507829e-14
14,53,mature upper,16,83,5.1875,67,1.51,17.0,11.258278145695364,15.49,3.941291737419306e-14
14,54,mature upper,16,83,5.1875,67,1.46,16.2,11.095890410958903,14.739999999999998,6.730727086790012e-14
14,55,mature upper,15,83,5.533333333333333,68,1.42,16.4,11.549295774647886,14.979999999999999,1.0114131754335176e-13
14,56,mature upper,15,83,5.533333333333333,68,1.44,16.0,11.11111111111111,14.56,8.600065104502619e-14
14,57,mature upper,15,83,5.533333333333333,68,1.45,17.099999999999998,11.793103448275861,15.649999999999999,1.0100253966527362e-13
14,58,mature upper,16,83,5.1875,67,1.46,16.9,11.575342465753424,15.439999999999998,8.924805339205477e-14
14,59,mature upper,17,83,4.882352941176471,66,1.5599999999999998,16.5,10.576923076923078,14.94,3.855249453010856e-14
14,60,mature upper,16,83,5.1875,67,1.49,16.7,11.208053691275168,15.209999999999999,4.8183679268731794e-14
14,61,mature upper,16,83,5.1875,67,1.48,16.599999999999998,11.216216216216216,15.119999999999997,4.3520742565306136e-14
14,62,mature upper,16,83,5.1875,67,1.48,16.599999999999998,11.216216216216216,15.119999999999997,5.0959236830294685e-14
14,63,mature upper,16,83,5.1875,67,1.46,17.2,11.780821917808218,15.739999999999998,9.015010959956271e-14
14,64,mature upper,16,83,5.1875,67,1.52,16.9,11.118421052631579,15.379999999999999,6.272760089132134e-14
14,65,mature upper,17,83,4.882352941176471,66,1.5499999999999998,16.4,10.580645161290322,14.849999999999998,7.849276784099857e-14
14,66,mature upper,16,83,5.1875,67,1.5,16.599999999999998,11.066666666666665,15.099999999999998,1.0014211682118912e-13
14,67,mature upper,15,83,5.533333333333333,68,1.39,16.8,12.0863309352518,15.41,1.0169642905566434e-13
14,68,mature upper,16,83,5.1875,67,1.49,16.7,11.208053691275168,15.209999999999999,8.522349492778858e-14
14,69,mature upper,16,83,5.1875,67,1.46,16.2,11.095890410958903,14.739999999999998,9.325873406851315e-14
14,70,mature upper,16,83,5.1875,67,1.46,16.7,11.438356164383562,15.239999999999998,1.3156142841808105e-13
14,71,mature upper,17,83,4.882352941176471,66,1.5499999999999998,16.2,10.451612903225808,14.649999999999999,3.9565573040079016e-14
14,72,mature upper,16,83,5.1875,67,1.51,16.2,10.728476821192052,14.69,9.438283488094612e-14
14,73,mature upper,15,83,5.533333333333333,68,1.44,16.3,11.319444444444445,14.860000000000001,9.696410341319961e-14
14,74,mature upper,15,83,5.533333333333333,68,1.46,16.099999999999998,11.027397260273972,14.639999999999997,6.705747068735946e-14
14,75,mature upper,15,83,5.533333333333333,68,1.43,17.5,12.237762237762238,16.07,4.418687638008123e-14
14,76,mature upper,16,83,5.1875,67,1.53,16.599999999999998,10.849673202614378,15.069999999999999,4.7808978997920804e-14
14,77,mature upper,17,83,4.882352941176471,66,1.5599999999999998,16.5,10.576923076923078,14.94,6.251943407420413e-14
14,78,mature upper,16,83,5.1875,67,1.44,16.9,11.73611111111111,15.459999999999999,5.67323965583455e-14
14,79,mature upper,15,83,5.533333333333333,68,1.48,16.599999999999998,11.216216216216216,15.119999999999997,8.425204978124157e-14
14,80,mature upper,15,83,5.533333333333333,68,1.44,16.8,11.666666666666668,15.360000000000001,5.750955267558311e-14
14,81,mature upper,16,83,5.1875,67,1.5,17.8,11.866666666666667,16.3,9.414691248821327e-14
14,82,mature upper,16,83,5.1875,67,1.5499999999999998,16.5,10.645161290322582,14.95,9.155176616815197e-14
14,83,mature upper,17,83,4.882352941176471,66,1.5499999999999998,16.2,10.451612903225808,14.649999999999999,3.042011087472929e-14
14,84,mature upper,15,83,5.533333333333333,68,1.44,16.9,11.73611111111111,15.459999999999999,5.875855357828641e-14
14,85,mature upper,15,83,5.533333333333333,68,1.44,16.3,11.319444444444445,14.860000000000001,1.257466353266068e-13
14,86,mature upper,15,83,5.533333333333333,68,1.4,16.599999999999998,11.857142857142856,15.199999999999998,6.716849298982197e-14
14,87,mature upper,16,83,5.1875,67,1.51,16.2,10.728476821192052,14.69,7.283063041541027e-14
14,88,mature upper,16,83,5.1875,67,1.5499999999999998,16.8,10.838709677419356,15.25,7.37188088351104e-14
15,0,mature lower,17,83,4.882352941176471,66,1.5699999999999998,15.7,10.0,14.129999999999999,4.9960036108132044e-14
15,1,mature lower,16,83,5.1875,67,1.46,16.099999999999998,11.027397260273972,14.639999999999997,9.636735853746359e-14
15,2,mature lower,15,83,5.533333333333333,68,1.46,16.4,11.232876712328766,14.939999999999998,1.1184109194317671e-13
15,3,mature lower,15,83,5.533333333333333,68,1.46,15.1,10.342465753424657,13.64,1.3609946503123638e-13
15,4,mature lower,15,83,5.533333333333333,68,1.46,15.7,10.753424657534246,14.239999999999998,6.833422716567839e-14
15,5,mature lower,16,83,5.1875,67,1.46,16.0,10.95890410958904,14.54,8.659739592076221e-14
15,6,mature lower,16,83,5.1875,67,1.5,15.399999999999999,10.266666666666666,13.899999999999999,6.57529586334249e-14
15,7,mature lower,16,83,5.1875,67,1.51,16.099999999999998,10.662251655629138,14.589999999999998,8.631984016460592e-14
15,8,mature lower,16,83,5.1875,67,1.51,16.2,10.728476821192052,14.69,1.3145040611561853e-13
15,9,mature lower,17,83,4.882352941176471,66,1.5699999999999998,16.0,10.191082802547772,14.43,6.010469899564441e-14
15,10,mature lower,16,83,5.1875,67,1.5,15.5,10.333333333333334,14.0,7.692457781871553e-14
15,11,mature lower,16,83,5.1875,67,1.46,16.0,10.95890410958904,14.54,9.026113190202523e-14
15,12,mature lower,15,83,5.533333333333333,68,1.48,16.0,10.81081081081081,14.52,6.17284001691587e-14
15,13,mature lower,17,83,4.882352941176471,66,1.53,15.399999999999999,10.065359477124183,13.87,8.01581023779363e-14
15,14,mature lower,16,83,5.1875,67,1.48,16.099999999999998,10.878378378378377,14.619999999999997,9.862943795013734e-14
15,15,mature lower,16,83,5.1875,67,1.44,16.7,11.597222222222221,15.26,1.191269305422793e-13
15,16,mature lower,15,83,5.533333333333333,68,1.45,15.5,10.689655172413794,14.05,1.0114131754335176e-13
15,17,mature lower,16,83,5.1875,67,1.51,15.6,10.331125827814569,14.09,5.806466418789569e-14
15,18,mature lower,17,83,4.882352941176471,66,1.5899999999999999,15.7,9.874213836477988,14.11,9.29256671611256e-14
15,19,mature lower,16,83,5.1875,67,1.48,15.7,10.608108108108107,14.219999999999999,8.704148513061227e-14
15,20,mature lower,15,83,5.533333333333333,68,1.44,17.8,12.361111111111112,16.36,1.1335377081422848e-13
15,21,mature lower,15,83,5.533333333333333,68,1.44,16.2,11.25,14.76,6.961098364399732e-14
15,22,mature lower,16,83,5.1875,67,1.51,16.3,10.794701986754967,14.790000000000001,6.52811138479592e-14
15,23,mature lower,17,83,4.882352941176471,66,1.53,15.7,10.261437908496731,14.17,1.454392162258955e-13
15,24,mature lower,16,83,5.1875,67,1.49,16.8,11.275167785234899,15.31,1.5643042416968456e-13
15,25,mature lower,15,83,5.533333333333333,68,1.48,16.7,11.283783783783784,15.219999999999999,5.5788706987414116e-14
15,26,mature lower,15,83,5.533333333333333,68,1.44,15.799999999999999,10.972222222222221,14.36,7.767397836033751e-14
15,27,mature lower,16,83,5.1875,67,1.52,16.2,10.657894736842104,14.68,5.639932965095795e-14
15,28,mature lower,16,83,5.1875,67,1.48,16.599999999999998,11.216216216216216,15.119999999999997,7.87148124459236e-14
15,29,mature lower,15,83,5.533333333333333,68,1.46,15.7,10.753424657534246,14.239999999999998,1.191269305422793e-13
15,30,mature lower,15,83,5.533333333333333,68,1.48,16.2,10.945945945945946,14.719999999999999,9.978129433818594e-14
15,31,mature lower,16,83,5.1875,67,1.48,16.2,10.945945945945946,14.719999999999999,8.471001677889944e-14
15,32,mature lower,16,83,5.1875,67,1.48,17.4,11.756756756756756,15.919999999999998,6.895872761703004e-14
15,33,mature lower,16,83,5.1875,67,1.51,16.0,10.596026490066226,14.49,6.09512440519211e-14
15,34,mature lower,16,83,5.1875,67,1.49,16.5,11.073825503355705,15.01,7.083222897108499e-14
15,35,mature lower,16,83,5.1875,67,1.5499999999999998,16.8,10.838709677419356,15.25,4.796163466380676e-14
15,36,mature lower,16,83,5.1875,67,1.53,16.099999999999998,10.522875816993462,14.569999999999999,8.577860644010116e-14
15,37,mature lower,16,83,5.1875,67,1.49,17.4,11.677852348993287,15.909999999999998,7.607803276243885e-14
15,38,mature lower,17,83,4.882352941176471,66,1.51,17.2,11.390728476821192,15.69,8.378020499577588e-14
15,39,mature lower,17,83,4.882352941176471,66,1.63,15.899999999999999,9.754601226993865,14.27,8.382183835919932e-14
15,40,mature lower,18,83,4.611111111111111,65,1.69,17.099999999999998,10.118343195266272,15.409999999999998,8.039402477066915e-14
15,41,mature lower,15,83,5.533333333333333,68,1.48,16.9,11.418918918918918,15.419999999999998,7.917277944358148e-14
15,42,second lower,8,83,10.375,75,0.9299999999999999,17.4,18.70967741935484,16.47,8.232303727595536e-14
15,43,first lower,94,83,0.8829787234042553,-11,8.83,16.7,1.8912797281993203,7.869999999999999,1.0524914273446484e-13
15,44,center seed,110,91,0.8272727272727273,-19,9.68,17.7,1.828512396694215,8.02,6.630807014573747e-14
15,45,first upper,94,83,0.8829787234042553,-11,8.78,15.899999999999999,1.8109339407744875,7.119999999999999,8.172629240021934e-14
15,46,second upper,8,83,10.375,75,0.9279999999999999,15.2,16.379310344827587,14.271999999999998,1.0344503031944896e-13
15,47,mature upper,15,83,5.533333333333333,68,1.48,15.799999999999999,10.675675675675675,14.319999999999999,9.438283488094612e-14
15,48,mature upper,18,83,4.611111111111111,65,1.69,16.4,9.70414201183432,14.709999999999999,1.0053069487980792e-13
15,49,mature upper,17,83,4.882352941176471,66,1.63,15.5,9.509202453987731,13.870000000000001,4.0523140398818214e-14
15,50,mature upper,17,83,4.882352941176471,66,1.51,15.899999999999999,10.52980132450331,14.389999999999999,1.9052814881348468e-13
15,51,mature upper,16,83,5.1875,67,1.48,16.5,11.14864864864865,15.02,9.769962616701378e-14
15,52,mature upper,16,83,5.1875,67,1.52,15.399999999999999,10.13157894736842,13.879999999999999,7.338574192772285e-14
15,53,mature upper,16,83,5.1875,67,1.5499999999999998,15.5,10.000000000000002,13.95,1.68962066560141e-13
15,54,mature upper,16,83,5.1875,67,1.49,16.2,10.872483221476509,14.709999999999999,8.289202657607575e-14
15,55,mature upper,16,83,5.1875,67,1.51,16.0,10.596026490066226,14.49,6.09512440519211e-14
15,56,mature upper,16,83,5.1875,67,1.49,15.5,10.40268456375839,14.01,6.705747068735946e-14
15,57,mature upper,16,83,5.1875,67,1.48,16.099999999999998,10.878378378378377,14.619999999999997,5.995204332975845e-14
15,58,mature upper,15,83,5.533333333333333,68,1.48,16.9,11.418918918918918,15.419999999999998,7.870093465811578e-14
15,59,mature upper,15,83,5.533333333333333,68,1.46,15.799999999999999,10.821917808219178,14.34,7.457923167919489e-14
15,60,mature upper,16,83,5.1875,67,1.49,15.7,10.536912751677852,14.209999999999999,7.30526750203353e-14
15,61,mature upper,16,83,5.1875,67,1.52,15.6,10.263157894736842,14.08,5.695444116327053e-14
15,62,mature upper,15,83,5.533333333333333,68,1.44,16.2,11.25,14.76,1.312283615106935e-13
15,63,mature upper,15,83,5.533333333333333,68,1.48,15.799999999999999,10.675675675675675,14.319999999999999,9.318934512947408e-14
15,64,mature upper,16,83,5.1875,67,1.49,16.099999999999998,10.805369127516776,14.609999999999998,7.105427357601002e-14
15,65,mature upper,17,83,4.882352941176471,66,1.53,16.2,10.588235294117647,14.67,1.0114131754335176e-13
15,66,mature upper,16,83,5.1875,67,1.51,15.899999999999999,10.52980132450331,14.389999999999999,7.88119569605783e-14
15,67,mature upper,15,83,5.533333333333333,68,1.44,15.7,10.902777777777779,14.26,6.250555628639631e-14
15,68,mature upper,15,83,5.533333333333333,68,1.44,15.899999999999999,11.041666666666666,14.459999999999999,5.750955267558311e-14
15,69,mature upper,16,83,5.1875,67,1.48,15.6,10.54054054054054,14.12,1.152966611073225e-13
15,70,mature upper,17,83,4.882352941176471,66,1.5699999999999998,16.5,10.50955414012739,14.93,5.592748486549226e-14
15,71,mature upper,16,83,5.1875,67,1.53,15.6,10.196078431372548,14.07,9.02333763264096e-14
15,72,mature upper,15,83,5.533333333333333,68,1.42,16.0,11.267605633802818,14.58,1.5698553568199713e-13
15,73,mature upper,16,83,5.1875,67,1.46,15.799999999999999,10.821917808219178,14.34,1.3888890038060708e-13
15,74,mature upper,16,83,5.1875,67,1.48,15.5,10.472972972972974,14.02,1.0791367799356522e-13
15,75,mature upper,17,83,4.882352941176471,66,1.53,15.899999999999999,10.392156862745097,14.37,1.2001510896197942e-13
15,76,mature upper,15,83,5.533333333333333,68,1.52,16.0,10.526315789473685,14.48,3.96488397669259e-14
15,77,mature upper,16,83,5.1875,67,1.49,15.799999999999999,10.604026845637582,14.309999999999999,3.7636560534792807e-14
15,78,mature upper,16,83,5.1875,67,1.48,15.799999999999999,10.675675675675675,14.319999999999999,8.881784197001252e-14
15,79,mature upper,17,83,4.882352941176471,66,1.53,16.2,10.588235294117647,14.67,7.527312106958561e-14
15,80,mature upper,16,83,5.1875,67,1.49,15.1,10.134228187919463,13.61,1.4377388168895777e-13
15,81,mature upper,16,83,5.1875,67,1.52,16.2,10.657894736842104,14.68,4.4297898682543746e-14
15,82,mature upper,15,83,5.533333333333333,68,1.48,15.899999999999999,10.743243243243242,14.419999999999998,1.1370071550942384e-13
15,83,mature upper,16,83,5.1875,67,1.5,15.799999999999999,10.533333333333333,14.299999999999999,1.1829426327381043e-13
15,84,mature upper,16,83,5.1875,67,1.49,16.099999999999998,10.805369127516776,14.609999999999998,7.205347429817266e-14
15,85,mature upper,16,83,5.1875,67,1.48,15.799999999999999,10.675675675675675,14.319999999999999,7.66053886991358e-14
15,86,mature upper,16,83,5.1875,67,1.53,15.7,10.261437908496731,14.17,8.000544671205034e-14
15,87,mature upper,16,83,5.1875,67,1.53,15.799999999999999,10.326797385620914,14.27,4.984901380566953e-14
15,88,mature upper,15,83,5.533333333333333,68,1.44,15.899999999999999,11.041666666666666,14.459999999999999,8.215650382226158e-14
16,0,mature lower,17,83,4.882352941176471,66,1.5499999999999998,17.0,10.967741935483872,15.45,5.4067861299245124e-14
16,1,mature lower,16,83,5.1875,67,1.48,17.4,11.756756756756756,15.919999999999998,7.76601005725297e-14
16,2,mature lower,16,83,5.1875,67,1.52,16.599999999999998,10.921052631578945,15.079999999999998,1.4127587988355117e-14
16,3,mature lower,16,83,5.1875,67,1.49,17.2,11.543624161073826,15.709999999999999,7.302491944471967e-14
16,4,mature lower,16,83,5.1875,67,1.5699999999999998,16.7,10.636942675159236,15.129999999999999,3.352873534367973e-14
16,5,mature lower,16,83,5.1875,67,1.5,17.7,11.799999999999999,16.2,4.4297898682543746e-14
16,6,mature lower,16,83,5.1875,67,1.51,17.099999999999998,11.324503311258276,15.589999999999998,9.275913370743183e-14
16,7,mature lower,16,83,5.1875,67,1.51,17.099999999999998,11.324503311258276,15.589999999999998,4.363176486776865e-14
16,8,mature lower,16,83,5.1875,67,1.52,16.8,11.052631578947368,15.280000000000001,7.482903185973555e-14
16,9,mature lower,16,83,5.1875,67,1.5,16.3,10.866666666666667,14.8,6.405986852087153e-14
16,10,mature lower,16,83,5.1875,67,1.51,17.7,11.72185430463576,16.189999999999998,5.19306819768417e-14
16,11,mature lower,16,83,5.1875,67,1.53,17.0,11.11111111111111,15.47,6.827871601444713e-14
16,12,mature lower,16,83,5.1875,67,1.52,17.099999999999998,11.249999999999998,15.579999999999998,1.4710455076283324e-13
16,13,mature lower,15,83,5.533333333333333,68,1.44,17.3,12.01388888888889,15.860000000000001,9.586775817638227e-14
16,14,mature lower,15,83,5.533333333333333,68,1.42,17.4,12.253521126760562,15.979999999999999,1.370847879655912e-13
16,15,mature lower,16,83,5.1875,67,1.5499999999999998,16.9,10.903225806451614,15.349999999999998,5.689893001203927e-14
16,16,mature lower,17,83,4.882352941176471,66,1.5499999999999998,16.5,10.645161290322582,14.95,7.105427357601002e-14
16,17,mature lower,16,83,5.1875,67,1.5,14.799999999999999,9.866666666666665,13.299999999999999,9.14823772291129e-14
16,18,mature lower,15,83,5.533333333333333,68,1.46,18.0,12.32876712328767,16.54,1.0935696792557792e-13
16,19,mature lower,16,83,5.1875,67,1.53,16.8,10.980392156862745,15.270000000000001,1.1879386363489175e-13
16,20,mature lower,16,83,5.1875,67,1.5499999999999998,17.3,11.161290322580648,15.75,3.0309088572266774e-14
16,21,mature lower,15,83,5.533333333333333,68,1.44,16.3,11.319444444444445,14.860000000000001,8.343326030058051e-14
16,22,mature lower,15,83,5.533333333333333,68,1.48,16.8,11.351351351351353,15.32,9.700573677662305e-14
16,23,mature lower,16,83,5.1875,67,1.53,16.4,10.718954248366012,14.87,6.961098364399732e-14
16,24,mature lower,16,83,5.1875,67,1.49,17.0,11.409395973154362,15.51,1.255662240851052e-13
16,25,mature lower,17,83,4.882352941176471,66,1.64,16.7,10.182926829268293,15.059999999999999,8.210099267103033e-14
16,26,mature lower,16,83,5.1875,67,1.52,16.7,10.986842105263158,15.18,6.672440377997191e-14
16,27,mature lower,15,83,5.533333333333333,68,1.44,17.0,11.805555555555555,15.56,9.203748874142548e-14
16,28,mature lower,16,83,5.1875,67,1.48,16.7,11.283783783783784,15.219999999999999,1.1449174941446927e-13
16,29,mature lower,16,83,5.1875,67,1.49,17.4,11.677852348993287,15.909999999999998,5.881406472951767e-14
16,30,mature lower,17,83,4.882352941176471,66,1.5699999999999998,16.7,10.636942675159236,15.129999999999999,2.2787327580431338e-14
16,31,mature lower,15,83,5.533333333333333,68,1.52,17.0,11.18421052631579,15.48,9.309220061481938e-14
16,32,mature lower,15,83,5.533333333333333,68,1.46,16.5,11.301369863013699,15.04,8.132383655379272e-14
16,33,mature lower,16,83,5.1875,67,1.52,17.0,11.18421052631579,15.48,6.783462680459706e-14
16,34,mature lower,17,83,4.882352941176471,66,1.5999999999999999,17.3,10.812500000000002,15.700000000000001,7.790990075307036e-14
16,35,mature lower,17,83,4.882352941176471,66,1.64,16.4,10.0,14.759999999999998,1.1460277171693178e-13
16,36,mature lower,15,83,5.533333333333333,68,1.44,16.2,11.25,14.76,9.181544413650045e-14
16,37,mature lower,15,83,5.533333333333333,68,1.44,16.7,11.597222222222221,15.26,1.0638712133470563e-13
16,38,mature lower,16,83,5.1875,67,1.5499999999999998,16.5,10.645161290322582,14.95,5.012656956182582e-14
16,39,mature lower,16,83,5.1875,67,1.5799999999999998,16.599999999999998,10.50632911392405,15.019999999999998,5.473399511402022e-14
16,40,mature lower,17,83,4.882352941176471,66,1.64,16.3,9.939024390243903,14.66,6.639133687258436e-14
16,41,mature lower,15,83,5.533333333333333,68,1.42,16.599999999999998,11.690140845070422,15.179999999999998,9.414691248821327e-14
16,42,second lower,8,83,10.375,75,0.9169999999999999,16.4,17.884405670665213,15.482999999999999,8.593126210598712e-14
16,43,first lower,94,83,0.8829787234042553,-11,8.809999999999999,16.5,1.8728717366628833,7.690000000000001,5.184741524999481e-14
16,44,center seed,245,239,0.9755102040816327,-6,19.4,34.3,1.768041237113402,14.899999999999999,3.2085445411667024e-14
16,45,first upper,94,83,0.8829787234042553,-11,8.799999999999999,17.2,1.9545454545454548,8.4,6.272760089132134e-14
16,46,second upper,8,83,10.375,75,0.9159999999999999,17.3,18.886462882096072,16.384,7.907563492892677e-14
16,47,mature upper,15,83,5.533333333333333,68,1.42,17.9,12.6056338028169,16.479999999999997,7.771561172376096e-14
16,48,mature upper,17,83,4.882352941176471,66,1.64,17.3,10.54878048780488,15.66,3.430589146091734e-14
16,49,mature upper,16,83,5.1875,67,1.5799999999999998,17.099999999999998,10.822784810126581,15.519999999999998,7.296940829348841e-14
16,50,mature upper,16,83,5.1875,67,1.5499999999999998,17.099999999999998,11.032258064516128,15.549999999999997,3.7969627442180354e-14
16,51,mature upper,15,83,5.533333333333333,68,1.44,16.599999999999998,11.527777777777777,15.159999999999998,6.980527267330672e-14
16,52,mature upper,15,83,5.533333333333333,68,1.44,17.099999999999998,11.874999999999998,15.659999999999998,6.328271240363392e-14
16,53,mature upper,17,83,4.882352941176471,66,1.64,16.8,10.24390243902439,15.16,1.0158540675320182e-13
16,54,mature upper,17,83,4.882352941176471,66,1.5999999999999999,17.2,10.75,15.6,4.1300296516055823e-14
16,55,mature upper,16,83,5.1875,67,1.51,17.0,11.258278145695364,15.49,4.6629367034256575e-14
16,56,mature upper,15,83,5.533333333333333,68,1.46,17.0,11.643835616438356,15.54,8.038014698286133e-14
16,57,mature upper,15,83,5.533333333333333,68,1.52,16.8,11.052631578947368,15.280000000000001,7.438494264988549e-14
16,58,mature upper,17,83,4.882352941176471,66,1.5699999999999998,17.3,11.019108280254779,15.73,1.0566547636869927e-13
16,59,mature upper,16,83,5.1875,67,1.49,16.599999999999998,11.140939597315436,15.109999999999998,4.807265696626928e-14
16,60,mature upper,16,83,5.1875,67,1.48,16.599999999999998,11.216216216216216,15.119999999999997,6.88338275267597e-14
16,61,mature upper,15,83,5.533333333333333,68,1.44,17.0,11.805555555555555,15.56,1.0447198661722723e-13
16,62,mature upper,16,83,5.1875,67,1.52,17.099999999999998,11.249999999999998,15.579999999999998,8.498757253505573e-14
16,63,mature upper,17,83,4.882352941176471,66,1.65,17.0,10.303030303030303,15.35,8.920642002863133e-14
16,64,mature upper,16,83,5.1875,67,1.49,17.4,11.677852348993287,15.909999999999998,6.417089082333405e-14
16,65,mature upper,16,83,5.1875,67,1.52,17.0,11.18421052631579,15.48,1.1191048088221578e-13
16,66,mature upper,15,83,5.533333333333333,68,1.48,16.8,11.351351351351353,15.32,1.054989429150055e-13
16,67,mature upper,16,83,5.1875,67,1.48,16.7,11.283783783783784,15.219999999999999,9.470202400052585e-14
16,68,mature upper,16,83,5.1875,67,1.5699999999999998,17.2,10.955414012738855,15.629999999999999,7.30526750203353e-14
16,69,mature upper,16,83,5.1875,67,1.53,16.5,10.784313725490195,14.97,9.478529072737274e-14
16,70,mature upper,15,83,5.533333333333333,68,1.46,17.099999999999998,11.712328767123287,15.639999999999997,4.7628567756419216e-14
16,71,mature upper,15,83,5.533333333333333,68,1.46,17.2,11.780821917808218,15.739999999999998,4.0967229608668276e-14
16,72,mature upper,15,83,5.533333333333333,68,1.46,16.3,11.164383561643836,14.84,4.440892098500626e-14
16,73,mature upper,16,83,5.1875,67,1.5,17.2,11.466666666666667,15.7,6.011857678345223e-14
16,74,mature upper,16,83,5.1875,67,1.51,16.4,10.86092715231788,14.889999999999999,4.596323321948148e-14
16,75,mature upper,16,83,5.1875,67,1.52,15.899999999999999,10.460526315789473,14.379999999999999,5.750955267558311e-14
16,76,mature upper,15,83,5.533333333333333,68,1.46,17.0,11.643835616438356,15.54,5.46229728115577e-14
16,77,mature upper,15,83,5.533333333333333,68,1.46,15.399999999999999,10.54794520547945,13.939999999999998,1.1440848268762238e-13
16,78,mature upper,16,83,5.1875,67,1.48,16.3,11.013513513513514,14.82,7.405187574249794e-14
16,79,mature upper,17,83,4.882352941176471,66,1.5799999999999998,16.7,10.569620253164558,15.12,7.172040739078511e-14
16,80,mature upper,16,83,5.1875,67,1.49,16.5,11.073825503355705,15.01,6.139533326177116e-14
16,81,mature upper,15,83,5.533333333333333,68,1.48,16.9,11.418918918918918,15.419999999999998,1.557087792036782e-13
16,82,mature upper,16,83,5.1875,67,1.46,16.099999999999998,11.027397260273972,14.639999999999997,6.994405055138486e-14
16,83,mature upper,16,83,5.1875,67,1.52,16.3,10.723684210526317,14.780000000000001,7.013833958069426e-14
16,84,mature upper,17,83,4.882352941176471,66,1.63,16.2,9.938650306748466,14.57,3.3306690738754696e-14
16,85,mature upper,16,83,5.1875,67,1.54,16.9,10.974025974025972,15.36,5.96189764223709e-14
16,86,mature upper,15,83,5.533333333333333,68,1.44,15.5,10.76388888888889,14.06,6.331046797924955e-14
16,87,mature upper,15,83,5.533333333333333,68,1.48,17.0,11.486486486486486,15.52,1.0921819004749977e-13
16,88,mature upper,15,83,5.533333333333333,68,1.48,15.899999999999999,10.743243243243242,14.419999999999998,7.738254481637341e-14
17,0,mature lower,17,83,4.882352941176471,66,1.5699999999999998,16.599999999999998,10.573248407643312,15.029999999999998,1.1191048088221578e-13
17,1,mature lower,16,83,5.1875,67,1.53,16.8,10.980392156862745,15.270000000000001,6.813993813636898e-14
17,2,mature lower,15,83,5.533333333333333,68,1.46,16.9,11.575342465753424,15.439999999999998,1.4319101460102956e-13
17,3,mature lower,15,83,5.533333333333333,68,1.46,15.899999999999999,10.89041095890411,14.439999999999998,6.605826996519681e-14
17,4,mature lower,16,83,5.1875,67,1.53,16.8,10.980392156862745,15.270000000000001,4.8433479449272454e-14
17,5,mature lower,16,83,5.1875,67,1.5499999999999998,16.3,10.516129032258066,14.75,7.671641100159832e-14
17,6,mature lower,15,83,5.533333333333333,68,1.48,17.099999999999998,11.554054054054053,15.619999999999997,7.205347429817266e-14
17,7,mature lower,15,83,5.533333333333333,68,1.46,16.0,10.95890410958904,14.54,7.227551890309769e-14
17,8,mature lower,16,83,5.1875,67,1.53,16.9,11.045751633986926,15.37,5.140332604014475e-14
17,9,mature lower,17,83,4.882352941176471,66,1.5699999999999998,16.4,10.445859872611464,14.829999999999998,5.040412531798211e-14
17,10,mature lower,16,83,5.1875,67,1.53,16.2,10.588235294117647,14.67,1.071365218763276e-13
17,11,mature lower,16,83,5.1875,67,1.5,17.3,11.533333333333333,15.8,6.7390537594747e-14
17,12,mature lower,16,83,5.1875,67,1.53,15.899999999999999,10.392156862745097,14.37,6.505906924303417e-14
17,13,mature lower,15,83,5.533333333333333,68,1.48,16.8,11.351351351351353,15.32,1.0275114092905824e-13
17,14,mature lower,15,83,5.533333333333333,68,1.45,16.2,11.172413793103448,14.75,7.260858581048524e-14
17,15,mature lower,15,83,5.533333333333333,68,1.44,16.0,11.11111111111111,14.56,9.89763826453327e-14
17,16,mature lower,15,83,5.533333333333333,68,1.47,14.899999999999999,10.136054421768707,13.429999999999998,7.896461262646426e-14
17,17,mature lower,16,83,5.1875,67,1.5999999999999999,17.9,11.1875,16.299999999999997,3.377853552422039e-14
17,18,mature lower,16,83,5.1875,67,1.53,16.2,10.588235294117647,14.67,1.028066520802895e-13
17,19,mature lower,16,83,5.1875,67,1.53,15.299999999999999,10.0,13.77,1.199873533863638e-13
17,20,mature lower,15,83,5.533333333333333,68,1.48,15.399999999999999,10.405405405405405,13.919999999999998,1.0735856648125264e-13
17,21,mature lower,16,83,5.1875,67,1.48,15.1,10.202702702702702,13.62,7.926992395823618e-14
17,22,mature lower,15,83,5.533333333333333,68,1.47,15.1,10.272108843537415,13.629999999999999,7.027711745877241e-14
17,23,mature lower,17,83,4.882352941176471,66,1.6099999999999999,15.899999999999999,9.875776397515528,14.29,9.534040223968532e-14
17,24,mature lower,16,83,5.1875,67,1.51,15.1,10.0,13.59,8.093525849517391e-14
17,25,mature lower,17,83,4.882352941176471,66,1.5499999999999998,14.299999999999999,9.225806451612904,12.75,7.988054662178001e-14
17,26,mature lower,16,83,5.1875,67,1.51,15.799999999999999,10.463576158940397,14.29,1.0635936575909e-13
17,27,mature lower,15,83,5.533333333333333,68,1.5,15.399999999999999,10.266666666666666,13.899999999999999,6.605826996519681e-14
17,28,mature lower,16,83,5.1875,67,1.53,15.2,9.934640522875817,13.67,8.926193117986259e-14
17,29,mature lower,17,83,4.882352941176471,66,1.53,16.0,10.457516339869281,14.47,8.404388296412435e-14
17,30,mature lower,16,83,5.1875,67,1.51,15.1,10.0,13.59,6.94999613415348e-14
17,31,mature lower,15,83,5.533333333333333,68,1.48,15.5,10.472972972972974,14.02,4.546363285840016e-14
17,32,mature lower,15,83,5.533333333333333,68,1.5,14.799999999999999,9.866666666666665,13.299999999999999,3.441691376337985e-14
17,33,mature lower,16,83,5.1875,67,1.51,14.5,9.602649006622517,12.99,8.193445921733655e-14
17,34,mature lower,16,83,5.1875,67,1.5499999999999998,16.2,10.451612903225808,14.649999999999999,6.039613253960852e-14
17,35,mature lower,16,83,5.1875,67,1.5499999999999998,14.799999999999999,9.548387096774194,13.25,7.427392034742297e-14
17,36,mature lower,16,83,5.1875,67,1.5699999999999998,15.2,9.681528662420384,13.629999999999999,4.496403249731884e-14
17,37,mature lower,16,83,5.1875,67,1.5499999999999998,15.7,10.129032258064516,14.149999999999999,3.4083846855992306e-14
17,38,mature lower,17,83,4.882352941176471,66,1.63,14.799999999999999,9.079754601226993,13.169999999999998,6.386557949156213e-14
17,39,mature lower,17,83,4.882352941176471,66,1.65,16.2,9.818181818181818,14.549999999999999,1.0486056467584604e-13
17,40,mature lower,16,83,5.1875,67,1.5,15.2,10.133333333333333,13.7,4.263256414560601e-14
17,41,mature lower,11,82,7.454545454545454,71,1.17,14.2,12.136752136752136,13.03,1.0402789740737717e-13
17,42,second lower,86,82,0.9534883720930233,-4,6.54,14.7,2.2477064220183487,8.16,5.3179682879545e-14
17,43,first lower,247,250,1.0121457489878543,3,19.5,34.5,1.7692307692307692,15.0,7.452372052796363e-14
17,44,center seed,128,104,0.8125,-24,10.9,17.8,1.6330275229357798,6.9,2.186861802755402e-13
17,45,first upper,247,250,1.0121457489878543,3,19.5,36.5,1.8717948717948718,17.0,1.4349632593280148e-14
17,46,second upper,86,82,0.9534883720930233,-4,6.54,15.399999999999999,2.3547400611620795,8.86,2.1010970741031088e-14
17,47,mature upper,11,82,7.454545454545454,71,1.16,15.899999999999999,13.706896551724137,14.739999999999998,6.245004513516506e-14
17,48,mature upper,17,83,4.882352941176471,66,1.54,16.4,10.649350649350648,14.86,5.4511950509095186e-14
17,49,mature upper,17,83,4.882352941176471,66,1.65,15.7,9.515151515151516,14.049999999999999,8.240630400280224e-14
17,50,mature upper,17,83,4.882352941176471,66,1.63,15.799999999999999,9.69325153374233,14.169999999999998,7.438494264988549e-14
17,51,mature upper,16,83,5.1875,67,1.5599999999999998,16.2,10.384615384615385,14.639999999999999,9.992007221626409e-14
17,52,mature upper,15,83,5.533333333333333,68,1.52,16.2,10.657894736842104,14.68,3.780309398848658e-14
17,53,mature upper,16,83,5.1875,67,1.5499999999999998,16.099999999999998,10.387096774193548,14.549999999999997,6.777911565336581e-14
17,54,mature upper,17,83,4.882352941176471,66,1.5999999999999999,16.099999999999998,10.0625,14.499999999999998,7.99638133486269e-14
17,55,mature upper,16,83,5.1875,67,1.51,16.4,10.86092715231788,14.889999999999999,8.093525849517391e-14
17,56,mature upper,16,83,5.1875,67,1.5499999999999998,16.7,10.774193548387098,15.149999999999999,1.0091927293842673e-13
17,57,mature upper,15,83,5.533333333333333,68,1.48,15.7,10.608108108108107,14.219999999999999,9.048317650695026e-14
17,58,mature upper,15,83,5.533333333333333,68,1.46,16.099999999999998,11.027397260273972,14.639999999999997,7.330247520087596e-14
17,59,mature upper,17,83,4.882352941176471,66,1.53,16.5,10.784313725490195,14.97,8.448797217397441e-14
17,60,mature upper,16,83,5.1875,67,1.5499999999999998,16.2,10.451612903225808,14.649999999999999,9.08162434143378e-14
17,61,mature upper,16,83,5.1875,67,1.5699999999999998,16.4,10.445859872611464,14.829999999999998,4.6407322429331543e-14
17,62,mature upper,15,83,5.533333333333333,68,1.46,16.099999999999998,11.027397260273972,14.639999999999997,8.459899447643693e-14
17,63,mature upper,15,83,5.533333333333333,68,1.46,16.8,11.506849315068495,15.34,7.915890165577366e-14
17,64,mature upper,17,83,4.882352941176471,66,1.53,16.7,10.91503267973856,15.17,8.026912468039882e-14
17,65,mature upper,16,83,5.1875,67,1.52,15.899999999999999,10.460526315789473,14.379999999999999,1.0416667528545531e-13
17,66,mature upper,16,83,5.1875,67,1.53,16.099999999999998,10.522875816993462,14.569999999999999,8.573697307667771e-14
17,67,mature upper,15,83,5.533333333333333,68,1.48,16.4,11.08108108108108,14.919999999999998,1.2667644710973036e-13
17,68,mature upper,15,83,5.533333333333333,68,1.43,16.0,11.18881118881119,14.57,9.892087149410145e-14
17,69,mature upper,16,83,5.1875,67,1.53,15.5,10.130718954248366,13.97,6.261657858885883e-14
17,70,mature upper,16,83,5.1875,67,1.53,15.0,9.803921568627452,13.47,8.060219158778636e-14
17,71,mature upper,17,83,4.882352941176471,66,1.5699999999999998,16.7,10.636942675159236,15.129999999999999,9.914291609902648e-14
17,72,mature upper,16,83,5.1875,67,1.52,14.0,9.210526315789474,12.48,1.1723955140041653e-13
17,73,mature upper,15,83,5.533333333333333,68,1.46,15.5,10.616438356164384,14.04,1.3211653993039363e-13
17,74,mature upper,15,83,5.533333333333333,68,1.46,16.4,11.232876712328766,14.939999999999998,6.550315845288424e-14
17,75,mature upper,16,83,5.1875,67,1.5,15.899999999999999,10.6,14.399999999999999,8.926193117986259e-14
17,76,mature upper,16,83,5.1875,67,1.5699999999999998,16.5,10.50955414012739,14.93,3.835820550079916e-14
17,77,mature upper,17,83,4.882352941176471,66,1.5699999999999998,16.5,10.50955414012739,14.93,1.0580425424677742e-13
17,78,mature upper,16,83,5.1875,67,1.5499999999999998,16.5,10.645161290322582,14.95,6.894484982922222e-14
17,79,mature upper,15,83,5.533333333333333,68,1.46,17.099999999999998,11.712328767123287,15.639999999999997,5.762057497804562e-14
17,80,mature upper,15,83,5.533333333333333,68,1.48,16.7,11.283783783783784,15.219999999999999,1.919853165333052e-13
17,81,mature upper,15,83,5.533333333333333,68,1.44,16.4,11.388888888888888,14.959999999999999,7.172040739078511e-14
17,82,mature upper,17,83,4.882352941176471,66,1.5699999999999998,16.3,10.382165605095542,14.73,9.658940314238862e-14
17,83,mature upper,16,83,5.1875,67,1.5,16.3,10.866666666666667,14.8,6.269984531570572e-14
17,84,mature upper,16,83,5.1875,67,1.5499999999999998,16.7,10.774193548387098,15.149999999999999,7.549516567451064e-14
17,85,mature upper,16,83,5.1875,67,1.48,16.8,11.351351351351353,15.32,1.1879386363489175e-13
17,86,mature upper,15,83,5.533333333333333,68,1.48,16.9,11.418918918918918,15.419999999999998,8.903988657493755e-14
17,87,mature upper,17,83,4.882352941176471,66,1.6199999999999999,17.0,10.493827160493828,15.38,8.770761894538737e-14
17,88,mature upper,16,83,5.1875,67,1.53,16.9,11.045751633986926,15.37,8.218425939787721e-14
